,ball,batsman,batsman_id,bowler,bowler_id,commentary,innings,otherBatsman,otherBatsman_id,otherBowler,otherBowler_id,overs,playType,runs,runs_scored,score,shortText,speed,text,wickets
0,1,Rohit Sharma,34102,James Anderson,8608,"Anderson to RG Sharma, no run a full ball outside off stump, a hint of inswing, Rohit moves on to the front foot and pushes the ball towards cover",1st innings,Shikhar Dhawan,28235,,,0.1,no run,0,0,0/0,"Anderson to RG Sharma, no run",,"a full ball outside off stump, a hint of inswing, Rohit moves on to the front foot and pushes the ball towards cover",0
1,2,Rohit Sharma,34102,James Anderson,8608,"Anderson to RG Sharma, 1 run full length and the line this time is on the pads, Rohit leans across on the front foot and clips the ball to midwicket, the fielder has to move to his right so there's time for a single. Joe Root that was",1st innings,Shikhar Dhawan,28235,,,0.2,run,1,1,1/0,"Anderson to RG Sharma, 1 run",,"full length and the line this time is on the pads, Rohit leans across on the front foot and clips the ball to midwicket, the fielder has to move to his right so there's time for a single. Joe Root that was",0
2,3,Shikhar Dhawan,28235,James Anderson,8608,"Anderson to Dhawan, no run pitches on a good length and seams across Dhawan, who stays in his crease and defends towards point",1st innings,Rohit Sharma,34102,,,0.3,no run,1,0,1/0,"Anderson to Dhawan, no run",,"pitches on a good length and seams across Dhawan, who stays in his crease and defends towards point",0
3,4,Shikhar Dhawan,28235,James Anderson,8608,"Anderson to Dhawan, no run full and straight from Anderson, Dhawan square drives from his crease, doesn't beat point",1st innings,Rohit Sharma,34102,,,0.4,no run,1,0,1/0,"Anderson to Dhawan, no run",,"full and straight from Anderson, Dhawan square drives from his crease, doesn't beat point",0
4,5,Shikhar Dhawan,28235,James Anderson,8608,"Anderson to Dhawan, 1 run only two slips so the thick outside edge - or was it a half steer? - flies safely towards third man. Anderson took the good length ball away from the left-hander. Dhawan intended to steer it to third man but it was a thick outside edge",1st innings,Rohit Sharma,34102,,,0.5,run,2,1,2/0,"Anderson to Dhawan, 1 run",,only two slips so the thick outside edge - or was it a half steer? - flies safely towards third man. Anderson took the good length ball away from the left-hander. Dhawan intended to steer it to third man but it was a thick outside edge,0
5,6,Rohit Sharma,34102,James Anderson,8608,"Anderson to RG Sharma, no run defended watchfully from the crease",1st innings,Shikhar Dhawan,28235,,,0.6,no run,2,0,2/0,"Anderson to RG Sharma, no run",,defended watchfully from the crease,0
6,7,Shikhar Dhawan,28235,Stuart Broad,10617,"Broad to Dhawan, 1 run short of a length first up, Dhawan goes back to pull but mis-times it through square leg. There's a fielder in the deep",1st innings,Rohit Sharma,34102,James Anderson,8608,1.1,run,3,1,3/0,"Broad to Dhawan, 1 run",,"short of a length first up, Dhawan goes back to pull but mis-times it through square leg. There's a fielder in the deep",0
7,8,Rohit Sharma,34102,Stuart Broad,10617,"Broad to RG Sharma, no run pitches on a good length outside off stump and shapes away from the right-hander as Rohit strides forward, covers his off stump, and shoulders arms",1st innings,Shikhar Dhawan,28235,James Anderson,8608,1.2,no run,3,0,3/0,"Broad to RG Sharma, no run",,"pitches on a good length outside off stump and shapes away from the right-hander as Rohit strides forward, covers his off stump, and shoulders arms",0
8,9,Rohit Sharma,34102,Stuart Broad,10617,"Broad to RG Sharma, 1 run strays on to the pads with a length ball and Rohit tucks it off his pads towards short fine leg",1st innings,Shikhar Dhawan,28235,James Anderson,8608,1.3,run,4,1,4/0,"Broad to RG Sharma, 1 run",,strays on to the pads with a length ball and Rohit tucks it off his pads towards short fine leg,0
9,10,Shikhar Dhawan,28235,Stuart Broad,10617,"Broad to Dhawan, 1 run good length, pitching on leg and angling across, Dhawan pushes off the front foot towards wide mid-off and sets off",1st innings,Rohit Sharma,34102,James Anderson,8608,1.4,run,5,1,5/0,"Broad to Dhawan, 1 run",,"good length, pitching on leg and angling across, Dhawan pushes off the front foot towards wide mid-off and sets off",0
10,11,Rohit Sharma,34102,Stuart Broad,10617,"Broad to RG Sharma, 1 run Dhawan sprints through for a single after Rohit drops the ball near his feet but isn't quite sure where it is. He sees Dhawan coming and responds quickly. Broad races down the pitch as well and hits the stumps with the slide and throw. Dhawan is home though",1st innings,Shikhar Dhawan,28235,James Anderson,8608,1.5,run,6,1,6/0,"Broad to RG Sharma, 1 run",,Dhawan sprints through for a single after Rohit drops the ball near his feet but isn't quite sure where it is. He sees Dhawan coming and responds quickly. Broad races down the pitch as well and hits the stumps with the slide and throw. Dhawan is home though,0
11,12,Shikhar Dhawan,28235,Stuart Broad,10617,"Broad to Dhawan, no run gets hit on the pad by a short of a length ball which then goes towards the slips",1st innings,Rohit Sharma,34102,James Anderson,8608,1.6,no run,6,0,6/0,"Broad to Dhawan, no run",,gets hit on the pad by a short of a length ball which then goes towards the slips,0
12,13,Rohit Sharma,34102,James Anderson,8608,"Anderson to RG Sharma, FOUR runs edged and four! Anderson has his hands on his head. Rohit moved forward and drove away from his body at a good length ball that swung away. The outside edge flew right through where second slip was in Anderson's first over",1st innings,Shikhar Dhawan,28235,Stuart Broad,10617,2.1,four,10,4,10/0,"Anderson to RG Sharma, FOUR runs",,edged and four! Anderson has his hands on his head. Rohit moved forward and drove away from his body at a good length ball that swung away. The outside edge flew right through where second slip was in Anderson's first over,0
13,14,Rohit Sharma,34102,James Anderson,8608,"Anderson to RG Sharma, no run short of a length outside off, Rohit has a swish and misses",1st innings,Shikhar Dhawan,28235,Stuart Broad,10617,2.2,no run,10,0,10/0,"Anderson to RG Sharma, no run",,"short of a length outside off, Rohit has a swish and misses",0
14,15,Rohit Sharma,34102,James Anderson,8608,"Anderson to RG Sharma, no run good length just outside off stump, Rohit pushes forward and defends towards cover point",1st innings,Shikhar Dhawan,28235,Stuart Broad,10617,2.3,no run,10,0,10/0,"Anderson to RG Sharma, no run",,"good length just outside off stump, Rohit pushes forward and defends towards cover point",0
15,16,Rohit Sharma,34102,James Anderson,8608,"Anderson to RG Sharma, no run good length on off and middle, delivered from wide of the crease, Rohit stays in his crease and defends with a straight bat",1st innings,Shikhar Dhawan,28235,Stuart Broad,10617,2.4,no run,10,0,10/0,"Anderson to RG Sharma, no run",,"good length on off and middle, delivered from wide of the crease, Rohit stays in his crease and defends with a straight bat",0
16,17,Rohit Sharma,34102,James Anderson,8608,"Anderson to RG Sharma, 1 run fuller outside off stump, Rohit eases on to the front foot and drives towards wide mid-off",1st innings,Shikhar Dhawan,28235,Stuart Broad,10617,2.5,run,11,1,11/0,"Anderson to RG Sharma, 1 run",,"fuller outside off stump, Rohit eases on to the front foot and drives towards wide mid-off",0
17,18,Shikhar Dhawan,28235,James Anderson,8608,"Anderson to Dhawan, 5 runs oh my, four overthrows plus the single. Dhawan got a thick inside edge to an incoming delivery and ran a single in front of square. Bresnan picked up and his throw to the keeper was high. Buttler jumped and got a glove on it and that deflected it wide of Morgan backing up at point. Morgan got a low bounce.",1st innings,Rohit Sharma,34102,Stuart Broad,10617,2.6,run,16,5,16/0,"Anderson to Dhawan, 5 runs",,"oh my, four overthrows plus the single. Dhawan got a thick inside edge to an incoming delivery and ran a single in front of square. Bresnan picked up and his throw to the keeper was high. Buttler jumped and got a glove on it and that deflected it wide of Morgan backing up at point. Morgan got a low bounce.",0
18,19,Shikhar Dhawan,28235,Stuart Broad,10617,"Broad to Dhawan, 1 run short of a length outside off, Dhawan opens the face and steers towards third man",1st innings,Rohit Sharma,34102,James Anderson,8608,3.1,run,17,1,17/0,"Broad to Dhawan, 1 run",,"short of a length outside off, Dhawan opens the face and steers towards third man",0
19,20,Rohit Sharma,34102,Stuart Broad,10617,"Broad to RG Sharma, 1 run length ball outside off stump, Rohit stays in his crease and opens the face to guide towards third man",1st innings,Shikhar Dhawan,28235,James Anderson,8608,3.2,run,18,1,18/0,"Broad to RG Sharma, 1 run",,"length ball outside off stump, Rohit stays in his crease and opens the face to guide towards third man",0
20,21,Shikhar Dhawan,28235,Stuart Broad,10617,"Broad to Dhawan, 1 run good length on off stump, Dhawan drops the ball with close hands on the off side and they run another quick single",1st innings,Rohit Sharma,34102,James Anderson,8608,3.3,run,19,1,19/0,"Broad to Dhawan, 1 run",,"good length on off stump, Dhawan drops the ball with close hands on the off side and they run another quick single",0
21,22,Rohit Sharma,34102,Stuart Broad,10617,"Broad to RG Sharma, no run good length on middle and off, defended with a straight bat towards the bowler",1st innings,Shikhar Dhawan,28235,James Anderson,8608,3.4,no run,19,0,19/0,"Broad to RG Sharma, no run",,"good length on middle and off, defended with a straight bat towards the bowler",0
22,23,Rohit Sharma,34102,Stuart Broad,10617,"Broad to RG Sharma, OUT bowled him! Through the gate. Rohit tried to drive off the front foot, and left a gap between bat and pad. Broad pitched the ball on a perfect length outside off and seamed the ball back in through the gap. The celebrations from England are a touch muted.",1st innings,Shikhar Dhawan,28235,James Anderson,8608,3.5,out,19,0,19/1,"Broad to RG Sharma, OUT",,"bowled him! Through the gate. Rohit tried to drive off the front foot, and left a gap between bat and pad. Broad pitched the ball on a perfect length outside off and seamed the ball back in through the gap. The celebrations from England are a touch muted.",1
23,24,Virat Kohli,253802,Stuart Broad,10617,"Broad to Kohli, no run short of a length around off stump, Kohli drops the ball close on the off side. Dhawan wants one but gets sent back.",1st innings,Shikhar Dhawan,28235,James Anderson,8608,3.6,no run,19,0,19/1,"Broad to Kohli, no run",,"short of a length around off stump, Kohli drops the ball close on the off side. Dhawan wants one but gets sent back.",1
24,25,Shikhar Dhawan,28235,Tim Bresnan,9310,"Bresnan to Dhawan, 2 runs short of a length outside off stump, Dhawan flays the ball off the front foot in front of point, a powerful cut is stopped in the deep",1st innings,Virat Kohli,253802,Stuart Broad,10617,4.1,run,21,2,21/1,"Bresnan to Dhawan, 2 runs",,"short of a length outside off stump, Dhawan flays the ball off the front foot in front of point, a powerful cut is stopped in the deep",1
25,26,Shikhar Dhawan,28235,Tim Bresnan,9310,"Bresnan to Dhawan, no run a fuller ball on leg and middle, Dhawan drives straight and Bresnan takes the pace off the shot in his follow through, deflecting it towards mid-on",1st innings,Virat Kohli,253802,Stuart Broad,10617,4.2,no run,21,0,21/1,"Bresnan to Dhawan, no run",,"a fuller ball on leg and middle, Dhawan drives straight and Bresnan takes the pace off the shot in his follow through, deflecting it towards mid-on",1
26,27,Shikhar Dhawan,28235,Tim Bresnan,9310,"Bresnan to Dhawan, no run hits a good length and seams the ball across the left-hander, beating Dhawan's front-foot drive",1st innings,Virat Kohli,253802,Stuart Broad,10617,4.3,no run,21,0,21/1,"Bresnan to Dhawan, no run",,"hits a good length and seams the ball across the left-hander, beating Dhawan's front-foot drive",1
27,28,Shikhar Dhawan,28235,Tim Bresnan,9310,"Bresnan to Dhawan, 1 run a full ball on middle and off, Dhawan aims for the cover drive but the ball thuds off the inside edge behind square",1st innings,Virat Kohli,253802,Stuart Broad,10617,4.4,run,22,1,22/1,"Bresnan to Dhawan, 1 run",,"a full ball on middle and off, Dhawan aims for the cover drive but the ball thuds off the inside edge behind square",1
28,29,Virat Kohli,253802,Tim Bresnan,9310,"Bresnan to Kohli, 2 runs Kohli moves back and across in his crease and flicks it in front of square, swift running",1st innings,Shikhar Dhawan,28235,Stuart Broad,10617,4.5,run,24,2,24/1,"Bresnan to Kohli, 2 runs",,"Kohli moves back and across in his crease and flicks it in front of square, swift running",1
29,30,Virat Kohli,253802,Tim Bresnan,9310,"Bresnan to Kohli, 1 run Dhawan gets run into by Bresnan as he attempts a quick single. No harm intended or done. Kohli was looking to cover drive but inside edged a good length ball close on the leg side",1st innings,Shikhar Dhawan,28235,Stuart Broad,10617,4.6,run,25,1,25/1,"Bresnan to Kohli, 1 run",,Dhawan gets run into by Bresnan as he attempts a quick single. No harm intended or done. Kohli was looking to cover drive but inside edged a good length ball close on the leg side,1
30,31,Virat Kohli,253802,Stuart Broad,10617,"Broad to Kohli, no run good length, excellent discipline from Broad, Kohli stays in his crease and blocks",1st innings,Shikhar Dhawan,28235,Tim Bresnan,9310,5.1,no run,25,0,25/1,"Broad to Kohli, no run",,"good length, excellent discipline from Broad, Kohli stays in his crease and blocks",1
31,32,Virat Kohli,253802,Stuart Broad,10617,"Broad to Kohli, 2 runs short of a length from Broad, the ball seems to stick in the pitch, the spongy bounce giving Kohli a little more time to go back and swat through square leg",1st innings,Shikhar Dhawan,28235,Tim Bresnan,9310,5.2,run,27,2,27/1,"Broad to Kohli, 2 runs",,"short of a length from Broad, the ball seems to stick in the pitch, the spongy bounce giving Kohli a little more time to go back and swat through square leg",1
32,33,Virat Kohli,253802,Stuart Broad,10617,"Broad to Kohli, no run Kohli tries to drive a good length ball outside off but gets an inside edge on to his pad",1st innings,Shikhar Dhawan,28235,Tim Bresnan,9310,5.3,no run,27,0,27/1,"Broad to Kohli, no run",,Kohli tries to drive a good length ball outside off but gets an inside edge on to his pad,1
33,34,Virat Kohli,253802,Stuart Broad,10617,"Broad to Kohli, 1 run Kohli gets a thick outside edge to third man and runs a single but the bad news is that the rain has got heavier and the umpires have called for the covers",1st innings,Shikhar Dhawan,28235,Tim Bresnan,9310,5.4,run,28,1,28/1,"Broad to Kohli, 1 run",,Kohli gets a thick outside edge to third man and runs a single but the bad news is that the rain has got heavier and the umpires have called for the covers,1
34,35,Shikhar Dhawan,28235,Stuart Broad,10617,"Broad to Dhawan, SIX runs and what a re-start! Dhawan gets under a short ball, he has lots of width to free his arms and so he slashes hard, sending the ball soaring over the third man boundary. His feet were in the air as he made contact",1st innings,Virat Kohli,253802,Tim Bresnan,9310,5.5,six,34,6,34/1,"Broad to Dhawan, SIX runs",,"and what a re-start! Dhawan gets under a short ball, he has lots of width to free his arms and so he slashes hard, sending the ball soaring over the third man boundary. His feet were in the air as he made contact",1
35,36,Shikhar Dhawan,28235,Stuart Broad,10617,"Broad to Dhawan, 1 run this time he waits in his crease and steers the ball along the ground to third man",1st innings,Virat Kohli,253802,Tim Bresnan,9310,5.6,run,35,1,35/1,"Broad to Dhawan, 1 run",,this time he waits in his crease and steers the ball along the ground to third man,1
36,37,Shikhar Dhawan,28235,Tim Bresnan,9310,"Bresnan to Dhawan, no run Dhawan charges, maybe a bit too early because Bresnan bangs in the short one, Dhawan shapes to pull but aborts the shot at the last moment and lets it go",1st innings,Virat Kohli,253802,Stuart Broad,10617,6.1,no run,35,0,35/1,"Bresnan to Dhawan, no run",,"Dhawan charges, maybe a bit too early because Bresnan bangs in the short one, Dhawan shapes to pull but aborts the shot at the last moment and lets it go",1
37,37,Shikhar Dhawan,28235,Tim Bresnan,9310,"Bresnan to Dhawan, 1 wide that's far too wide outside off, Dhawan tries to slash but can't reach it",1st innings,Virat Kohli,253802,Stuart Broad,10617,6.1,wide,36,1,36/1,"Bresnan to Dhawan, 1 wide",,"that's far too wide outside off, Dhawan tries to slash but can't reach it",1
38,38,Shikhar Dhawan,28235,Tim Bresnan,9310,"Bresnan to Dhawan, 2 runs played with soft hands towards point, a quick single attempted, Morgan throws at the batsman's end and concedes an overthrow",1st innings,Virat Kohli,253802,Stuart Broad,10617,6.2,run,38,2,38/1,"Bresnan to Dhawan, 2 runs",,"played with soft hands towards point, a quick single attempted, Morgan throws at the batsman's end and concedes an overthrow",1
39,39,Shikhar Dhawan,28235,Tim Bresnan,9310,"Bresnan to Dhawan, 1 run length ball just outside off, pushed firmly at and gets it out to deep cover",1st innings,Virat Kohli,253802,Stuart Broad,10617,6.3,run,39,1,39/1,"Bresnan to Dhawan, 1 run",,"length ball just outside off, pushed firmly at and gets it out to deep cover",1
40,40,Virat Kohli,253802,Tim Bresnan,9310,"Bresnan to Kohli, no run well bowled, length just outside off and beats Kohli outside off stump as he played forward",1st innings,Shikhar Dhawan,28235,Stuart Broad,10617,6.4,no run,39,0,39/1,"Bresnan to Kohli, no run",,"well bowled, length just outside off and beats Kohli outside off stump as he played forward",1
41,41,Virat Kohli,253802,Tim Bresnan,9310,"Bresnan to Kohli, no run fuller just outside off, driven to extra cover",1st innings,Shikhar Dhawan,28235,Stuart Broad,10617,6.5,no run,39,0,39/1,"Bresnan to Kohli, no run",,"fuller just outside off, driven to extra cover",1
42,42,Virat Kohli,253802,Tim Bresnan,9310,"Bresnan to Kohli, 1 run length just outside off, waited for and guided down to third man for a single",1st innings,Shikhar Dhawan,28235,Stuart Broad,10617,6.6,run,40,1,40/1,"Bresnan to Kohli, 1 run",,"length just outside off, waited for and guided down to third man for a single",1
43,43,Virat Kohli,253802,James Tredwell,21646,"Tredwell to Kohli, 1 run stays back and slaps from just outside off to long on",1st innings,Shikhar Dhawan,28235,Tim Bresnan,9310,7.1,run,41,1,41/1,"Tredwell to Kohli, 1 run",,stays back and slaps from just outside off to long on,1
44,44,Shikhar Dhawan,28235,James Tredwell,21646,"Tredwell to Dhawan, no run floated up, Dhawan forward and beaten as it turns past his outside edge",1st innings,Virat Kohli,253802,Tim Bresnan,9310,7.2,no run,41,0,41/1,"Tredwell to Dhawan, no run",,"floated up, Dhawan forward and beaten as it turns past his outside edge",1
45,45,Shikhar Dhawan,28235,James Tredwell,21646,"Tredwell to Dhawan, no run floated up again, on the stumps, swept without timing to backward square leg, nearly got done",1st innings,Virat Kohli,253802,Tim Bresnan,9310,7.3,no run,41,0,41/1,"Tredwell to Dhawan, no run",,"floated up again, on the stumps, swept without timing to backward square leg, nearly got done",1
46,46,Shikhar Dhawan,28235,James Tredwell,21646,"Tredwell to Dhawan, FOUR runs swept again and hammered square, absolutely nailed it from the stumps",1st innings,Virat Kohli,253802,Tim Bresnan,9310,7.4,four,45,4,45/1,"Tredwell to Dhawan, FOUR runs",,"swept again and hammered square, absolutely nailed it from the stumps",1
47,47,Shikhar Dhawan,28235,James Tredwell,21646,"Tredwell to Dhawan, FOUR runs goes reverse this time, just a paddle off the stumps again, Bresnan goes back from short third man and slides and saves four, Bresnan pushed the boundary board back, the ball rolled back and they've given four on replay, very harsh that, couldn't be sure where the boundary was, there's no line under the padding",1st innings,Virat Kohli,253802,Tim Bresnan,9310,7.5,four,49,4,49/1,"Tredwell to Dhawan, FOUR runs",,"goes reverse this time, just a paddle off the stumps again, Bresnan goes back from short third man and slides and saves four, Bresnan pushed the boundary board back, the ball rolled back and they've given four on replay, very harsh that, couldn't be sure where the boundary was, there's no line under the padding",1
48,48,Shikhar Dhawan,28235,James Tredwell,21646,"Tredwell to Dhawan, no run goes to cut and gets it to short third man",1st innings,Virat Kohli,253802,Tim Bresnan,9310,7.6,no run,49,0,49/1,"Tredwell to Dhawan, no run",,goes to cut and gets it to short third man,1
49,49,Virat Kohli,253802,Ravi Bopara,10582,"Bopara to Kohli, 1 run full on leg stump, dabbed through square leg and brings the 50 up",1st innings,Shikhar Dhawan,28235,James Tredwell,21646,8.1,run,50,1,50/1,"Bopara to Kohli, 1 run",,"full on leg stump, dabbed through square leg and brings the 50 up",1
50,50,Shikhar Dhawan,28235,Ravi Bopara,10582,"Bopara to Dhawan, OUT slower ball outside off, Dhawan misread it and <b>slapped it to extra cover.</b> Very brave from Bopara, it was a long way outside off and very slow, Dhawan reached a long way out to it and swung it from high on the bat to extra cover where Tredwell jumped up and took a solid catch",1st innings,Virat Kohli,253802,James Tredwell,21646,8.2,out,50,0,50/2,"Bopara to Dhawan, OUT",,"slower ball outside off, Dhawan misread it and <b>slapped it to extra cover.</b> Very brave from Bopara, it was a long way outside off and very slow, Dhawan reached a long way out to it and swung it from high on the bat to extra cover where Tredwell jumped up and took a solid catch",2
51,51,Dinesh Karthik,30045,Ravi Bopara,10582,"Bopara to Karthik, no run length ball on off stump, blocked back to the bowler",1st innings,Virat Kohli,253802,James Tredwell,21646,8.3,no run,50,0,50/2,"Bopara to Karthik, no run",,"length ball on off stump, blocked back to the bowler",2
52,51,Dinesh Karthik,30045,Ravi Bopara,10582,"Bopara to Karthik, 1 wide down leg side",1st innings,Virat Kohli,253802,James Tredwell,21646,8.3,wide,51,1,51/2,"Bopara to Karthik, 1 wide",,down leg side,2
53,52,Dinesh Karthik,30045,Ravi Bopara,10582,"Bopara to Karthik, no run length on the stumps again, pushed forward and blocked towards midwicket, they refuse a single",1st innings,Virat Kohli,253802,James Tredwell,21646,8.4,no run,51,0,51/2,"Bopara to Karthik, no run",,"length on the stumps again, pushed forward and blocked towards midwicket, they refuse a single",2
54,53,Dinesh Karthik,30045,Ravi Bopara,10582,"Bopara to Karthik, no run much fuller, forward to block on off stump, runs it out into the covers",1st innings,Virat Kohli,253802,James Tredwell,21646,8.5,no run,51,0,51/2,"Bopara to Karthik, no run",,"much fuller, forward to block on off stump, runs it out into the covers",2
55,54,Dinesh Karthik,30045,Ravi Bopara,10582,"Bopara to Karthik, 1 run length ball just outside off, dabbed just behind square on the off side and they take a quick run",1st innings,Virat Kohli,253802,James Tredwell,21646,8.6,run,52,1,52/2,"Bopara to Karthik, 1 run",,"length ball just outside off, dabbed just behind square on the off side and they take a quick run",2
56,55,Dinesh Karthik,30045,James Tredwell,21646,"Tredwell to Karthik, 1 run just outside off, hangs back and dabs through point for a single",1st innings,Virat Kohli,253802,Ravi Bopara,10582,9.1,run,53,1,53/2,"Tredwell to Karthik, 1 run",,"just outside off, hangs back and dabs through point for a single",2
57,56,Virat Kohli,253802,James Tredwell,21646,"Tredwell to Kohli, no run goes to cut from just outside off, doesn't time to short extra cover",1st innings,Dinesh Karthik,30045,Ravi Bopara,10582,9.2,no run,53,0,53/2,"Tredwell to Kohli, no run",,"goes to cut from just outside off, doesn't time to short extra cover",2
58,57,Virat Kohli,253802,James Tredwell,21646,"Tredwell to Kohli, 1 run floated up just outside off, played forward and ran through the covers for a single",1st innings,Dinesh Karthik,30045,Ravi Bopara,10582,9.3,run,54,1,54/2,"Tredwell to Kohli, 1 run",,"floated up just outside off, played forward and ran through the covers for a single",2
59,58,Dinesh Karthik,30045,James Tredwell,21646,"Tredwell to Karthik, 1 run a little straighter, worked to short long leg with the turn",1st innings,Virat Kohli,253802,Ravi Bopara,10582,9.4,run,55,1,55/2,"Tredwell to Karthik, 1 run",,"a little straighter, worked to short long leg with the turn",2
60,59,Virat Kohli,253802,James Tredwell,21646,"Tredwell to Kohli, FOUR runs down the track and whips it wide of long on, fine stroke, dragged it from outside off, didn't quite get to the pitch but still managed to thump it away",1st innings,Dinesh Karthik,30045,Ravi Bopara,10582,9.5,four,59,4,59/2,"Tredwell to Kohli, FOUR runs",,"down the track and whips it wide of long on, fine stroke, dragged it from outside off, didn't quite get to the pitch but still managed to thump it away",2
61,60,Virat Kohli,253802,James Tredwell,21646,"Tredwell to Kohli, no run blocked on the stumps into the leg side, Buttler is up quickly to save the single",1st innings,Dinesh Karthik,30045,Ravi Bopara,10582,9.6,no run,59,0,59/2,"Tredwell to Kohli, no run",,"blocked on the stumps into the leg side, Buttler is up quickly to save the single",2
62,61,Dinesh Karthik,30045,Ravi Bopara,10582,"Bopara to Karthik, 1 run just outside off, pushed out through the covers staying on the back foot",1st innings,Virat Kohli,253802,James Tredwell,21646,10.1,run,60,1,60/2,"Bopara to Karthik, 1 run",,"just outside off, pushed out through the covers staying on the back foot",2
63,62,Virat Kohli,253802,Ravi Bopara,10582,"Bopara to Kohli, 1 run down the track and mows to down to long on on the bounce, another slower ball and Kohli didn't pick it",1st innings,Dinesh Karthik,30045,James Tredwell,21646,10.2,run,61,1,61/2,"Bopara to Kohli, 1 run",,"down the track and mows to down to long on on the bounce, another slower ball and Kohli didn't pick it",2
64,63,Dinesh Karthik,30045,Ravi Bopara,10582,"Bopara to Karthik, 1 run full just outside off stump, driven through the covers",1st innings,Virat Kohli,253802,James Tredwell,21646,10.3,run,62,1,62/2,"Bopara to Karthik, 1 run",,"full just outside off stump, driven through the covers",2
65,64,Virat Kohli,253802,Ravi Bopara,10582,"Bopara to Kohli, 1 run forward press from the stumps, runs it past the bowler and long on comes in quickly to save the second",1st innings,Dinesh Karthik,30045,James Tredwell,21646,10.4,run,63,1,63/2,"Bopara to Kohli, 1 run",,"forward press from the stumps, runs it past the bowler and long on comes in quickly to save the second",2
66,65,Dinesh Karthik,30045,Ravi Bopara,10582,"Bopara to Karthik, no run slower ball well outside off stump, cut and gets it to point, didn't time it, would have been wide if he'd have left it",1st innings,Virat Kohli,253802,James Tredwell,21646,10.5,no run,63,0,63/2,"Bopara to Karthik, no run",,"slower ball well outside off stump, cut and gets it to point, didn't time it, would have been wide if he'd have left it",2
67,66,Dinesh Karthik,30045,Ravi Bopara,10582,"Bopara to Karthik, 1 run full ball on middle and off, clipped wide of midwicket for a single",1st innings,Virat Kohli,253802,James Tredwell,21646,10.6,run,64,1,64/2,"Bopara to Karthik, 1 run",,"full ball on middle and off, clipped wide of midwicket for a single",2
68,67,Dinesh Karthik,30045,James Tredwell,21646,"Tredwell to Karthik, OUT slog swept, straight up in the air and <b>Morgan takes the catch.</b> It went up off a big top edge as Karthik went to sweep hard from off stump, Morgan came in a few yards from square leg and pouched the skier",1st innings,Virat Kohli,253802,Ravi Bopara,10582,11.1,out,64,0,64/3,"Tredwell to Karthik, OUT",,"slog swept, straight up in the air and <b>Morgan takes the catch.</b> It went up off a big top edge as Karthik went to sweep hard from off stump, Morgan came in a few yards from square leg and pouched the skier",3
69,68,Virat Kohli,253802,James Tredwell,21646,"Tredwell to Kohli, 1 run around the wicket, dabbed to short third man, they set off for a quick single and make it",1st innings,Suresh Raina,33335,Ravi Bopara,10582,11.2,run,65,1,65/3,"Tredwell to Kohli, 1 run",,"around the wicket, dabbed to short third man, they set off for a quick single and make it",3
70,69,Suresh Raina,33335,James Tredwell,21646,"Tredwell to Raina, no run slip goes in, floated up on off stump, played forward and ran out to backward point",1st innings,Virat Kohli,253802,Ravi Bopara,10582,11.3,no run,65,0,65/3,"Tredwell to Raina, no run",,"slip goes in, floated up on off stump, played forward and ran out to backward point",3
71,70,Suresh Raina,33335,James Tredwell,21646,"Tredwell to Raina, no run forward again and blocked off the stumps up the wicket",1st innings,Virat Kohli,253802,Ravi Bopara,10582,11.4,no run,65,0,65/3,"Tredwell to Raina, no run",,forward again and blocked off the stumps up the wicket,3
72,71,Suresh Raina,33335,James Tredwell,21646,"Tredwell to Raina, no run steps back to give himself room and pushed to cover point",1st innings,Virat Kohli,253802,Ravi Bopara,10582,11.5,no run,65,0,65/3,"Tredwell to Raina, no run",,steps back to give himself room and pushed to cover point,3
73,72,Suresh Raina,33335,James Tredwell,21646,"Tredwell to Raina, 1 run down the track, forced something did Tredwell, he gets it over the top down to long off",1st innings,Virat Kohli,253802,Ravi Bopara,10582,11.6,run,66,1,66/3,"Tredwell to Raina, 1 run",,"down the track, forced something did Tredwell, he gets it over the top down to long off",3
74,73,Suresh Raina,33335,Ravi Bopara,10582,"Bopara to Raina, no run length ball on the stumps, guided to point staying leg side of it",1st innings,Virat Kohli,253802,James Tredwell,21646,12.1,no run,66,0,66/3,"Bopara to Raina, no run",,"length ball on the stumps, guided to point staying leg side of it",3
75,74,Suresh Raina,33335,Ravi Bopara,10582,"Bopara to Raina, OUT length outside off, slapped across the line and <b>straight to mid-on</b> where Cook takes the catch. Went very quickly to him but Cook held on. Raina just trying to force something, ended up being a swipe across the line, caught it pretty well but straight to the fielder",1st innings,Virat Kohli,253802,James Tredwell,21646,12.2,out,66,0,66/4,"Bopara to Raina, OUT",,"length outside off, slapped across the line and <b>straight to mid-on</b> where Cook takes the catch. Went very quickly to him but Cook held on. Raina just trying to force something, ended up being a swipe across the line, caught it pretty well but straight to the fielder",4
76,75,MS Dhoni,28081,Ravi Bopara,10582,"Bopara to Dhoni, no run beaten outside off first ball, staying back and poking just outside off stump, beaten by one that slid past him from a good length",1st innings,Virat Kohli,253802,James Tredwell,21646,12.3,no run,66,0,66/4,"Bopara to Dhoni, no run",,"beaten outside off first ball, staying back and poking just outside off stump, beaten by one that slid past him from a good length",4
77,76,MS Dhoni,28081,Ravi Bopara,10582,"Bopara to Dhoni, no run played to midwicket coming sort-of forward on the stumps, gets it too close to the fielder and Morgan saves one",1st innings,Virat Kohli,253802,James Tredwell,21646,12.4,no run,66,0,66/4,"Bopara to Dhoni, no run",,"played to midwicket coming sort-of forward on the stumps, gets it too close to the fielder and Morgan saves one",4
78,77,MS Dhoni,28081,Ravi Bopara,10582,"Bopara to Dhoni, no run full ball just outside off, a flicked drive to short extra cover",1st innings,Virat Kohli,253802,James Tredwell,21646,12.5,no run,66,0,66/4,"Bopara to Dhoni, no run",,"full ball just outside off, a flicked drive to short extra cover",4
79,78,MS Dhoni,28081,Ravi Bopara,10582,"Bopara to Dhoni, OUT back of a length outside off, uppercuts it and <b>finds third man!</b> What a wicket, huge blow for England. Dhoni tried to force it away wide of third man but it got big on him and just shaped back a little, Dhoni still got it off the meat of the bat but couldn't control it and Tredwell came to his right to take a simple chance in the end",1st innings,Virat Kohli,253802,James Tredwell,21646,12.6,out,66,0,66/5,"Bopara to Dhoni, OUT",,"back of a length outside off, uppercuts it and <b>finds third man!</b> What a wicket, huge blow for England. Dhoni tried to force it away wide of third man but it got big on him and just shaped back a little, Dhoni still got it off the meat of the bat but couldn't control it and Tredwell came to his right to take a simple chance in the end",5
80,79,Virat Kohli,253802,James Anderson,8608,"Anderson to Kohli, no run length just outside off stump, blocked to backward point",1st innings,Ravindra Jadeja,234675,Ravi Bopara,10582,13.1,no run,66,0,66/5,"Anderson to Kohli, no run",,"length just outside off stump, blocked to backward point",5
81,80,Virat Kohli,253802,James Anderson,8608,"Anderson to Kohli, 1 run a touch fuller, waits and dabs down to third man from in the crease",1st innings,Ravindra Jadeja,234675,Ravi Bopara,10582,13.2,run,67,1,67/5,"Anderson to Kohli, 1 run",,"a touch fuller, waits and dabs down to third man from in the crease",5
82,81,Ravindra Jadeja,234675,James Anderson,8608,"Anderson to Jadeja, no run blocked around the middle stump on a full length",1st innings,Virat Kohli,253802,Ravi Bopara,10582,13.3,no run,67,0,67/5,"Anderson to Jadeja, no run",,blocked around the middle stump on a full length,5
83,82,Ravindra Jadeja,234675,James Anderson,8608,"Anderson to Jadeja, no run flicked from just outside off stump to midwicket, didn't time it",1st innings,Virat Kohli,253802,Ravi Bopara,10582,13.4,no run,67,0,67/5,"Anderson to Jadeja, no run",,"flicked from just outside off stump to midwicket, didn't time it",5
84,83,Ravindra Jadeja,234675,James Anderson,8608,"Anderson to Jadeja, no run big swing and a miss outside off stump, Anderson went fuller and wide of off and there was a pretty ugly wild swipe off fresh air",1st innings,Virat Kohli,253802,Ravi Bopara,10582,13.5,no run,67,0,67/5,"Anderson to Jadeja, no run",,"big swing and a miss outside off stump, Anderson went fuller and wide of off and there was a pretty ugly wild swipe off fresh air",5
85,84,Ravindra Jadeja,234675,James Anderson,8608,"Anderson to Jadeja, no run length on off stump, driven at and plays to short extra-cover",1st innings,Virat Kohli,253802,Ravi Bopara,10582,13.6,no run,67,0,67/5,"Anderson to Jadeja, no run",,"length on off stump, driven at and plays to short extra-cover",5
86,85,Virat Kohli,253802,Ravi Bopara,10582,"Bopara to Kohli, FOUR runs full outside off and bang, smashed past extra-cover, glorious timing, lovely swing of the blade",1st innings,Ravindra Jadeja,234675,James Anderson,8608,14.1,four,71,4,71/5,"Bopara to Kohli, FOUR runs",,"full outside off and bang, smashed past extra-cover, glorious timing, lovely swing of the blade",5
87,86,Virat Kohli,253802,Ravi Bopara,10582,"Bopara to Kohli, no run a little slower, tighter line and better length, blocked up the wicket",1st innings,Ravindra Jadeja,234675,James Anderson,8608,14.2,no run,71,0,71/5,"Bopara to Kohli, no run",,"a little slower, tighter line and better length, blocked up the wicket",5
88,87,Virat Kohli,253802,Ravi Bopara,10582,"Bopara to Kohli, FOUR runs swept off the stumps and gets it through square leg, an Indian batsman finally picks the slower ball and nails it, great shot, one bounce four",1st innings,Ravindra Jadeja,234675,James Anderson,8608,14.3,four,75,4,75/5,"Bopara to Kohli, FOUR runs",,"swept off the stumps and gets it through square leg, an Indian batsman finally picks the slower ball and nails it, great shot, one bounce four",5
89,88,Virat Kohli,253802,Ravi Bopara,10582,"Bopara to Kohli, 1 run full outside off again, driven at, doesn't get all of it and finds the cover sweeper",1st innings,Ravindra Jadeja,234675,James Anderson,8608,14.4,run,76,1,76/5,"Bopara to Kohli, 1 run",,"full outside off again, driven at, doesn't get all of it and finds the cover sweeper",5
90,89,Ravindra Jadeja,234675,Ravi Bopara,10582,"Bopara to Jadeja, 2 runs gives himself a little room and guides down to third man, wide of the fielder so they get two",1st innings,Virat Kohli,253802,James Anderson,8608,14.5,run,78,2,78/5,"Bopara to Jadeja, 2 runs",,"gives himself a little room and guides down to third man, wide of the fielder so they get two",5
91,90,Ravindra Jadeja,234675,Ravi Bopara,10582,"Bopara to Jadeja, 1 run full on off stump, punched down to long off",1st innings,Virat Kohli,253802,James Anderson,8608,14.6,run,79,1,79/5,"Bopara to Jadeja, 1 run",,"full on off stump, punched down to long off",5
92,91,Ravindra Jadeja,234675,James Tredwell,21646,"Tredwell to Jadeja, 1 run on off stump, pushed into the off side and there's a scampering single",1st innings,Virat Kohli,253802,Ravi Bopara,10582,15.1,run,80,1,80/5,"Tredwell to Jadeja, 1 run",,"on off stump, pushed into the off side and there's a scampering single",5
93,92,Virat Kohli,253802,James Tredwell,21646,"Tredwell to Kohli, 1 run round the wicket, flicked off leg stump wide of short fine-leg",1st innings,Ravindra Jadeja,234675,Ravi Bopara,10582,15.2,run,81,1,81/5,"Tredwell to Kohli, 1 run",,"round the wicket, flicked off leg stump wide of short fine-leg",5
94,93,Ravindra Jadeja,234675,James Tredwell,21646,"Tredwell to Jadeja, no run tight on off stump, he pushes forward into the off side but can't get it wide of the bowler",1st innings,Virat Kohli,253802,Ravi Bopara,10582,15.3,no run,81,0,81/5,"Tredwell to Jadeja, no run",,"tight on off stump, he pushes forward into the off side but can't get it wide of the bowler",5
95,94,Ravindra Jadeja,234675,James Tredwell,21646,"Tredwell to Jadeja, no run connects with a strong sweep but he picks out the man at backward square...precious dot balls",1st innings,Virat Kohli,253802,Ravi Bopara,10582,15.4,no run,81,0,81/5,"Tredwell to Jadeja, no run",,connects with a strong sweep but he picks out the man at backward square...precious dot balls,5
96,95,Ravindra Jadeja,234675,James Tredwell,21646,"Tredwell to Jadeja, FOUR runs fetches this from outside off and heaves it through straight midwicket, wide of long-on...much needed",1st innings,Virat Kohli,253802,Ravi Bopara,10582,15.5,four,85,4,85/5,"Tredwell to Jadeja, FOUR runs",,"fetches this from outside off and heaves it through straight midwicket, wide of long-on...much needed",5
97,96,Ravindra Jadeja,234675,James Tredwell,21646,"Tredwell to Jadeja, 1 run slightly quicker to finish with, pushed square into the off side from the back foot so he keeps the strike",1st innings,Virat Kohli,253802,Ravi Bopara,10582,15.6,run,86,1,86/5,"Tredwell to Jadeja, 1 run",,"slightly quicker to finish with, pushed square into the off side from the back foot so he keeps the strike",5
98,97,Ravindra Jadeja,234675,Tim Bresnan,9310,"Bresnan to Jadeja, 1 run back-of-a-length delivery is clubbed off the front foot and lands in front of Cook at mid-on",1st innings,Virat Kohli,253802,James Tredwell,21646,16.1,run,87,1,87/5,"Bresnan to Jadeja, 1 run",,back-of-a-length delivery is clubbed off the front foot and lands in front of Cook at mid-on,5
99,97,Virat Kohli,253802,Tim Bresnan,9310,"Bresnan to Kohli, 1 wide short and angled down the leg side, half an appeal from keeper and bowler after Kohli chased it with a pull but it's called a wide",1st innings,Ravindra Jadeja,234675,James Tredwell,21646,16.1,wide,88,1,88/5,"Bresnan to Kohli, 1 wide",,"short and angled down the leg side, half an appeal from keeper and bowler after Kohli chased it with a pull but it's called a wide",5
100,98,Virat Kohli,253802,Tim Bresnan,9310,"Bresnan to Kohli, FOUR runs gets this wide of mid-on, was short of a length again and Kohli mowed it off the front foot through midwicket",1st innings,Ravindra Jadeja,234675,James Tredwell,21646,16.2,four,92,4,92/5,"Bresnan to Kohli, FOUR runs",,"gets this wide of mid-on, was short of a length again and Kohli mowed it off the front foot through midwicket",5
101,99,Virat Kohli,253802,Tim Bresnan,9310,"Bresnan to Kohli, no run swing and a miss outside off, was quite short again and Kohli's eyes lit up but he lost his shape a little on the shot",1st innings,Ravindra Jadeja,234675,James Tredwell,21646,16.3,no run,92,0,92/5,"Bresnan to Kohli, no run",,"swing and a miss outside off, was quite short again and Kohli's eyes lit up but he lost his shape a little on the shot",5
102,100,Virat Kohli,253802,Tim Bresnan,9310,"Bresnan to Kohli, 2 runs short and at the body, he swivels on the pull and places it wide of long leg then sprints between the wickets",1st innings,Ravindra Jadeja,234675,James Tredwell,21646,16.4,run,94,2,94/5,"Bresnan to Kohli, 2 runs",,"short and at the body, he swivels on the pull and places it wide of long leg then sprints between the wickets",5
103,101,Virat Kohli,253802,Tim Bresnan,9310,"Bresnan to Kohli, no run charges at this one, it's a touch fuller outside off and by giving himself a touch of room outside then can't make contact",1st innings,Ravindra Jadeja,234675,James Tredwell,21646,16.5,no run,94,0,94/5,"Bresnan to Kohli, no run",,"charges at this one, it's a touch fuller outside off and by giving himself a touch of room outside then can't make contact",5
104,101,Virat Kohli,253802,Tim Bresnan,9310,"Bresnan to Kohli, 1 wide slower-ball bouncer outside off loops through to Buttler and is called wide...important extra deliveries in this over",1st innings,Ravindra Jadeja,234675,James Tredwell,21646,16.5,wide,95,1,95/5,"Bresnan to Kohli, 1 wide",,slower-ball bouncer outside off loops through to Buttler and is called wide...important extra deliveries in this over,5
105,102,Virat Kohli,253802,Tim Bresnan,9310,"Bresnan to Kohli, 2 runs low, wide full toss outside off...Kohli has to stretch for it but gets enough bat to place it wide of backward of point and wide of third man",1st innings,Ravindra Jadeja,234675,James Tredwell,21646,16.6,run,97,2,97/5,"Bresnan to Kohli, 2 runs",,"low, wide full toss outside off...Kohli has to stretch for it but gets enough bat to place it wide of backward of point and wide of third man",5
106,103,Ravindra Jadeja,234675,Stuart Broad,10617,"Broad to Jadeja, no run starts with a short ball and Jadeja gets into a bit of a tangle as he goes to hoick it through leg and it beats the top edge",1st innings,Virat Kohli,253802,Tim Bresnan,9310,17.1,no run,97,0,97/5,"Broad to Jadeja, no run",,starts with a short ball and Jadeja gets into a bit of a tangle as he goes to hoick it through leg and it beats the top edge,5
107,104,Ravindra Jadeja,234675,Stuart Broad,10617,"Broad to Jadeja, 1 run steps outside leg, it's short of a length and he runs it to short third man",1st innings,Virat Kohli,253802,Tim Bresnan,9310,17.2,run,98,1,98/5,"Broad to Jadeja, 1 run",,"steps outside leg, it's short of a length and he runs it to short third man",5
108,105,Virat Kohli,253802,Stuart Broad,10617,"Broad to Kohli, 1 run <b>dropped</b>, that could be a big moment...Trott at short third man didn't quite time his jump properly and palmed the chance over his. Kohli stepped to leg then aimed to cut over the off side and it should have been held",1st innings,Ravindra Jadeja,234675,Tim Bresnan,9310,17.3,run,99,1,99/5,"Broad to Kohli, 1 run",,"<b>dropped</b>, that could be a big moment...Trott at short third man didn't quite time his jump properly and palmed the chance over his. Kohli stepped to leg then aimed to cut over the off side and it should have been held",5
109,106,Ravindra Jadeja,234675,Stuart Broad,10617,"Broad to Jadeja, no run banged in at Jadeja's body, he goes for the pull but it dribbles off the bottom edge back to the bowler",1st innings,Virat Kohli,253802,Tim Bresnan,9310,17.4,no run,99,0,99/5,"Broad to Jadeja, no run",,"banged in at Jadeja's body, he goes for the pull but it dribbles off the bottom edge back to the bowler",5
110,107,Ravindra Jadeja,234675,Stuart Broad,10617,"Broad to Jadeja, 1 run fuller outside off, Jadeja clears his left leg and tries to drive but it comes off a thick outside edge to backward point",1st innings,Virat Kohli,253802,Tim Bresnan,9310,17.5,run,100,1,100/5,"Broad to Jadeja, 1 run",,"fuller outside off, Jadeja clears his left leg and tries to drive but it comes off a thick outside edge to backward point",5
111,108,Virat Kohli,253802,Stuart Broad,10617,"Broad to Kohli, SIX runs that's huge...that damages the over for Broad and England. This time Kohli connected very cleanly against the short ball and pulled it miles into the stands at deep square-leg",1st innings,Ravindra Jadeja,234675,Tim Bresnan,9310,17.6,six,106,6,106/5,"Broad to Kohli, SIX runs",,that's huge...that damages the over for Broad and England. This time Kohli connected very cleanly against the short ball and pulled it miles into the stands at deep square-leg,5
112,109,Ravindra Jadeja,234675,James Anderson,8608,"Anderson to Jadeja, SIX runs what a shot, that is awesome from Jadeja...a full delivery on off stump, he gives himself a touch of room and drives it on the up over wide long-off. Stunning.",1st innings,Virat Kohli,253802,Stuart Broad,10617,18.1,six,112,6,112/5,"Anderson to Jadeja, SIX runs",,"what a shot, that is awesome from Jadeja...a full delivery on off stump, he gives himself a touch of room and drives it on the up over wide long-off. Stunning.",5
113,110,Ravindra Jadeja,234675,James Anderson,8608,"Anderson to Jadeja, 1 run goes in the air down the ground, ooh would that have carried to Cook if he'd committed? Instead he let it bounce in front of him",1st innings,Virat Kohli,253802,Stuart Broad,10617,18.2,run,113,1,113/5,"Anderson to Jadeja, 1 run",,"goes in the air down the ground, ooh would that have carried to Cook if he'd committed? Instead he let it bounce in front of him",5
114,111,Virat Kohli,253802,James Anderson,8608,"Anderson to Kohli, OUT gone this time...important blow for England which may just quell this late charge. Kohli tried to clear long-off, had a huge swing at a full delivery, it comes off the lower part of the bat, and Bopara steadies himself well under the chance",1st innings,Ravindra Jadeja,234675,Stuart Broad,10617,18.3,out,113,0,113/6,"Anderson to Kohli, OUT",,"gone this time...important blow for England which may just quell this late charge. Kohli tried to clear long-off, had a huge swing at a full delivery, it comes off the lower part of the bat, and Bopara steadies himself well under the chance",6
115,112,Ravindra Jadeja,234675,James Anderson,8608,"Anderson to Jadeja, no run well bowled from Anderson, beats the top edge with a short ball as Jadeja steps to leg...the bowler followed him which cramped him for room",1st innings,Ravichandran Ashwin,26421,Stuart Broad,10617,18.4,no run,113,0,113/6,"Anderson to Jadeja, no run",,"well bowled from Anderson, beats the top edge with a short ball as Jadeja steps to leg...the bowler followed him which cramped him for room",6
116,113,Ravindra Jadeja,234675,James Anderson,8608,"Anderson to Jadeja, FOUR runs that's what he was trying the ball before, third man is inside the circle and he cuts this short delivery well clear of the fielder...using Anderson's pace",1st innings,Ravichandran Ashwin,26421,Stuart Broad,10617,18.5,four,117,4,117/6,"Anderson to Jadeja, FOUR runs",,"that's what he was trying the ball before, third man is inside the circle and he cuts this short delivery well clear of the fielder...using Anderson's pace",6
117,114,Ravindra Jadeja,234675,James Anderson,8608,"Anderson to Jadeja, no run a quick bouncer to finish with, Jadeja again stepping to leg to open up the off side but his attempt mow over covers doesn't make contact",1st innings,Ravichandran Ashwin,26421,Stuart Broad,10617,18.6,no run,117,0,117/6,"Anderson to Jadeja, no run",,"a quick bouncer to finish with, Jadeja again stepping to leg to open up the off side but his attempt mow over covers doesn't make contact",6
118,115,Ravichandran Ashwin,26421,Tim Bresnan,9310,"Bresnan to Ashwin, 1 run short ball at the body, plays a rather half-hearted pull which comes off the top edge but falls well clear of any of the leg-side fielders...importantly it gets Jadeja on strike",1st innings,Ravindra Jadeja,234675,James Anderson,8608,19.1,run,118,1,118/6,"Bresnan to Ashwin, 1 run",,"short ball at the body, plays a rather half-hearted pull which comes off the top edge but falls well clear of any of the leg-side fielders...importantly it gets Jadeja on strike",6
119,116,Ravindra Jadeja,234675,Tim Bresnan,9310,"Bresnan to Jadeja, 1 run, OUT dead-eye straight down the ground but it came nowhere off the middle...loops down the ground and their attempt to come back for a second ends in a run out as Ashwin is beaten by the direct hit from long-off by Ian Bell",1st innings,Ravichandran Ashwin,26421,James Anderson,8608,19.2,run,119,1,119/7,"Bresnan to Jadeja, 1 run, OUT",,dead-eye straight down the ground but it came nowhere off the middle...loops down the ground and their attempt to come back for a second ends in a run out as Ashwin is beaten by the direct hit from long-off by Ian Bell,7
120,117,Ravindra Jadeja,234675,Tim Bresnan,9310,"Bresnan to Jadeja, 1 run good yorker which he can only dig out down to long-off",1st innings,Bhuvneshwar Kumar,326016,James Anderson,8608,19.3,run,120,1,120/7,"Bresnan to Jadeja, 1 run",,good yorker which he can only dig out down to long-off,7
121,118,Bhuvneshwar Kumar,326016,Tim Bresnan,9310,"Bresnan to Kumar, 1 run back of a length, he gets very deep in the crease and tucks it off his hip to deep square...he almost stepped on his stumps. In fact, he may actually have stepped on them but the bails didn't come off",1st innings,Ravindra Jadeja,234675,James Anderson,8608,19.4,run,121,1,121/7,"Bresnan to Kumar, 1 run",,"back of a length, he gets very deep in the crease and tucks it off his hip to deep square...he almost stepped on his stumps. In fact, he may actually have stepped on them but the bails didn't come off",7
122,119,Ravindra Jadeja,234675,Tim Bresnan,9310,"Bresnan to Jadeja, SIX runs that's big, and very useful for India...pitched up on leg stump and Jadeja connects cleanly through the line with a very strong bottom hand and clears long-on",1st innings,Bhuvneshwar Kumar,326016,James Anderson,8608,19.5,six,127,6,127/7,"Bresnan to Jadeja, SIX runs",,"that's big, and very useful for India...pitched up on leg stump and Jadeja connects cleanly through the line with a very strong bottom hand and clears long-on",7
123,120,Ravindra Jadeja,234675,Tim Bresnan,9310,"Bresnan to Jadeja, 2 runs the final ball is short again, lobs into the off side through midwicket and they make it back for a second",1st innings,Bhuvneshwar Kumar,326016,James Anderson,8608,19.6,run,129,2,129/7,"Bresnan to Jadeja, 2 runs",,"the final ball is short again, lobs into the off side through midwicket and they make it back for a second",7
124,1,Sir Alastair Cook,11728,Bhuvneshwar Kumar,326016,"Kumar to Cook, no run length on off stump, dabbed to point",2nd innings,Ian Bell,9062,,,0.1,no run,0,0,0/0,"Kumar to Cook, no run",,"length on off stump, dabbed to point",0
125,2,Sir Alastair Cook,11728,Bhuvneshwar Kumar,326016,"Kumar to Cook, no run fuller, just outside off, left alone",2nd innings,Ian Bell,9062,,,0.2,no run,0,0,0/0,"Kumar to Cook, no run",,"fuller, just outside off, left alone",0
126,3,Sir Alastair Cook,11728,Bhuvneshwar Kumar,326016,"Kumar to Cook, 1 run just short of a good length, room outside off to dab down to third man",2nd innings,Ian Bell,9062,,,0.3,run,1,1,1/0,"Kumar to Cook, 1 run",,"just short of a good length, room outside off to dab down to third man",0
127,4,Ian Bell,9062,Bhuvneshwar Kumar,326016,"Kumar to Bell, 1 run plays back on the stumps and gets a thick inside edge from off stump through square leg",2nd innings,Sir Alastair Cook,11728,,,0.4,run,2,1,2/0,"Kumar to Bell, 1 run",,plays back on the stumps and gets a thick inside edge from off stump through square leg,0
128,5,Sir Alastair Cook,11728,Bhuvneshwar Kumar,326016,"Kumar to Cook, 1 run leg side on a length, clipped down to long leg",2nd innings,Ian Bell,9062,,,0.5,run,3,1,3/0,"Kumar to Cook, 1 run",,"leg side on a length, clipped down to long leg",0
129,6,Ian Bell,9062,Bhuvneshwar Kumar,326016,"Kumar to Bell, no run full length outside off, Bell gets down low to try and square drive, gets an under edge towards point",2nd innings,Sir Alastair Cook,11728,,,0.6,no run,3,0,3/0,"Kumar to Bell, no run",,"full length outside off, Bell gets down low to try and square drive, gets an under edge towards point",0
130,7,Sir Alastair Cook,11728,Umesh Yadav,376116,"Yadav to Cook, no run full on off stump, blocked firmly back to the bowler",2nd innings,Ian Bell,9062,Bhuvneshwar Kumar,326016,1.1,no run,3,0,3/0,"Yadav to Cook, no run",,"full on off stump, blocked firmly back to the bowler",0
131,8,Sir Alastair Cook,11728,Umesh Yadav,376116,"Yadav to Cook, no run off stump on a good length, goes to press forward and gets it back to the bowler off the inner half of the bat",2nd innings,Ian Bell,9062,Bhuvneshwar Kumar,326016,1.2,no run,3,0,3/0,"Yadav to Cook, no run",,"off stump on a good length, goes to press forward and gets it back to the bowler off the inner half of the bat",0
132,9,Sir Alastair Cook,11728,Umesh Yadav,376116,"Yadav to Cook, no run very full well outside off, Cook chases it and misses with a drive",2nd innings,Ian Bell,9062,Bhuvneshwar Kumar,326016,1.3,no run,3,0,3/0,"Yadav to Cook, no run",,"very full well outside off, Cook chases it and misses with a drive",0
133,10,Sir Alastair Cook,11728,Umesh Yadav,376116,"Yadav to Cook, no run back of a length, Cook goes to pull and is there way to soon and gets a little under edge on the bounce to Dhoni",2nd innings,Ian Bell,9062,Bhuvneshwar Kumar,326016,1.4,no run,3,0,3/0,"Yadav to Cook, no run",,"back of a length, Cook goes to pull and is there way to soon and gets a little under edge on the bounce to Dhoni",0
134,11,Sir Alastair Cook,11728,Umesh Yadav,376116,"Yadav to Cook, OUT goes to back cut and <b>guides it to slip</b> where Ashwin has taken a fine catch to his right with two hands at shoulder height. The delivery got there quicker than Cook was expecting and took the shoulder of the bat as he went to late cut, presenting a chance that Ashwin bagged. The line was too close to cut",2nd innings,Ian Bell,9062,Bhuvneshwar Kumar,326016,1.5,out,3,0,3/1,"Yadav to Cook, OUT",,"goes to back cut and <b>guides it to slip</b> where Ashwin has taken a fine catch to his right with two hands at shoulder height. The delivery got there quicker than Cook was expecting and took the shoulder of the bat as he went to late cut, presenting a chance that Ashwin bagged. The line was too close to cut",1
135,12,Jonathan Trott,47623,Umesh Yadav,376116,"Yadav to Trott, 3 runs length ball on the stumps, flicked out through square leg, they run hard and get three",2nd innings,Ian Bell,9062,Bhuvneshwar Kumar,326016,1.6,run,6,3,6/1,"Yadav to Trott, 3 runs",,"length ball on the stumps, flicked out through square leg, they run hard and get three",1
136,13,Jonathan Trott,47623,Bhuvneshwar Kumar,326016,"Kumar to Trott, 2 runs back of a length just outside off, dabbed through cover point and they get a couple",2nd innings,Ian Bell,9062,Umesh Yadav,376116,2.1,run,8,2,8/1,"Kumar to Trott, 2 runs",,"back of a length just outside off, dabbed through cover point and they get a couple",1
137,14,Jonathan Trott,47623,Bhuvneshwar Kumar,326016,"Kumar to Trott, FOUR runs full on the pads, poor ball, clipped wide of midwicket with excellent timing, you don't make a living bowling there to Trott",2nd innings,Ian Bell,9062,Umesh Yadav,376116,2.2,four,12,4,12/1,"Kumar to Trott, FOUR runs",,"full on the pads, poor ball, clipped wide of midwicket with excellent timing, you don't make a living bowling there to Trott",1
138,15,Jonathan Trott,47623,Bhuvneshwar Kumar,326016,"Kumar to Trott, no run a foot outside off on a good length, dabbed to point",2nd innings,Ian Bell,9062,Umesh Yadav,376116,2.3,no run,12,0,12/1,"Kumar to Trott, no run",,"a foot outside off on a good length, dabbed to point",1
139,16,Jonathan Trott,47623,Bhuvneshwar Kumar,326016,"Kumar to Trott, no run played forward just outside off stump, pushed to cover",2nd innings,Ian Bell,9062,Umesh Yadav,376116,2.4,no run,12,0,12/1,"Kumar to Trott, no run",,"played forward just outside off stump, pushed to cover",1
140,17,Jonathan Trott,47623,Bhuvneshwar Kumar,326016,"Kumar to Trott, FOUR runs too wide outside off and slapped wide of point, another poor ball and Trott puts it away well",2nd innings,Ian Bell,9062,Umesh Yadav,376116,2.5,four,16,4,16/1,"Kumar to Trott, FOUR runs",,"too wide outside off and slapped wide of point, another poor ball and Trott puts it away well",1
141,18,Jonathan Trott,47623,Bhuvneshwar Kumar,326016,"Kumar to Trott, 1 run back of a length on off stump, Trott gets on top of it and opens the face, guiding it down to third man",2nd innings,Ian Bell,9062,Umesh Yadav,376116,2.6,run,17,1,17/1,"Kumar to Trott, 1 run",,"back of a length on off stump, Trott gets on top of it and opens the face, guiding it down to third man",1
142,19,Jonathan Trott,47623,Umesh Yadav,376116,"Yadav to Trott, 1 run poor line on the pads, Trott will be disappointed to clip only to long leg",2nd innings,Ian Bell,9062,Bhuvneshwar Kumar,326016,3.1,run,18,1,18/1,"Yadav to Trott, 1 run",,"poor line on the pads, Trott will be disappointed to clip only to long leg",1
143,20,Ian Bell,9062,Umesh Yadav,376116,"Yadav to Bell, 1 run back foot push just outside off, it left Bell a little and he got a thick outside edge to third man, shaped away a bit outside off",2nd innings,Jonathan Trott,47623,Bhuvneshwar Kumar,326016,3.2,run,19,1,19/1,"Yadav to Bell, 1 run",,"back foot push just outside off, it left Bell a little and he got a thick outside edge to third man, shaped away a bit outside off",1
144,21,Jonathan Trott,47623,Umesh Yadav,376116,"Yadav to Trott, 2 runs on the pads again, Trott flicks in the air over midwicket and gets two, didn't get all of it and it was heart in mouth for a moment but cleared the fielder",2nd innings,Ian Bell,9062,Bhuvneshwar Kumar,326016,3.3,run,21,2,21/1,"Yadav to Trott, 2 runs",,"on the pads again, Trott flicks in the air over midwicket and gets two, didn't get all of it and it was heart in mouth for a moment but cleared the fielder",1
145,22,Jonathan Trott,47623,Umesh Yadav,376116,"Yadav to Trott, no run bumper, Trott goes to hook and gets hurried and misses, well bowled",2nd innings,Ian Bell,9062,Bhuvneshwar Kumar,326016,3.4,no run,21,0,21/1,"Yadav to Trott, no run",,"bumper, Trott goes to hook and gets hurried and misses, well bowled",1
146,23,Jonathan Trott,47623,Umesh Yadav,376116,"Yadav to Trott, 1 run fuller ball just outside off, dabbed down to third man",2nd innings,Ian Bell,9062,Bhuvneshwar Kumar,326016,3.5,run,22,1,22/1,"Yadav to Trott, 1 run",,"fuller ball just outside off, dabbed down to third man",1
147,24,Ian Bell,9062,Umesh Yadav,376116,"Yadav to Bell, 2 runs length on middle and leg, Bell flicks wide of long leg and gets a couple",2nd innings,Jonathan Trott,47623,Bhuvneshwar Kumar,326016,3.6,run,24,2,24/1,"Yadav to Bell, 2 runs",,"length on middle and leg, Bell flicks wide of long leg and gets a couple",1
148,25,Jonathan Trott,47623,Ravindra Jadeja,234675,"Jadeja to Trott, 1 run forward press just outside off, runs it through cover to the sweeper",2nd innings,Ian Bell,9062,Umesh Yadav,376116,4.1,run,25,1,25/1,"Jadeja to Trott, 1 run",,"forward press just outside off, runs it through cover to the sweeper",1
149,26,Ian Bell,9062,Ravindra Jadeja,234675,"Jadeja to Bell, 1 run waited for the turn and pressed in front of point for a single",2nd innings,Jonathan Trott,47623,Umesh Yadav,376116,4.2,run,26,1,26/1,"Jadeja to Bell, 1 run",,waited for the turn and pressed in front of point for a single,1
150,27,Jonathan Trott,47623,Ravindra Jadeja,234675,"Jadeja to Trott, no run well bowled, turn away and it beats the outside edge as Trott played back",2nd innings,Ian Bell,9062,Umesh Yadav,376116,4.3,no run,26,0,26/1,"Jadeja to Trott, no run",,"well bowled, turn away and it beats the outside edge as Trott played back",1
151,28,Jonathan Trott,47623,Ravindra Jadeja,234675,"Jadeja to Trott, no run taken from off stump to midwicket on the back foot",2nd innings,Ian Bell,9062,Umesh Yadav,376116,4.4,no run,26,0,26/1,"Jadeja to Trott, no run",,taken from off stump to midwicket on the back foot,1
152,29,Jonathan Trott,47623,Ravindra Jadeja,234675,"Jadeja to Trott, no run forward press to extra-cover, firmly struck but finds the fielder",2nd innings,Ian Bell,9062,Umesh Yadav,376116,4.5,no run,26,0,26/1,"Jadeja to Trott, no run",,"forward press to extra-cover, firmly struck but finds the fielder",1
153,30,Jonathan Trott,47623,Ravindra Jadeja,234675,"Jadeja to Trott, 1 run Trott again forward this time gets it down to long off",2nd innings,Ian Bell,9062,Umesh Yadav,376116,4.6,run,27,1,27/1,"Jadeja to Trott, 1 run",,Trott again forward this time gets it down to long off,1
154,31,Jonathan Trott,47623,Ravichandran Ashwin,26421,"Ashwin to Trott, no run around the wicket, swept at, struck on the pad, pitched outside leg stump",2nd innings,Ian Bell,9062,Ravindra Jadeja,234675,5.1,no run,27,0,27/1,"Ashwin to Trott, no run",,"around the wicket, swept at, struck on the pad, pitched outside leg stump",1
155,31,Jonathan Trott,47623,Ravichandran Ashwin,26421,"Ashwin to Trott, 1 wide, OUT turn down the leg side, Trott falls outside his ground and <b>Dhoni stumps him</b> super work from Dhoni. Trott falling over having tried to flick it to leg, it turned away from him - for a wide - but of course you can be stumped off a wide and Dhoni obliged with sharp hands",2nd innings,Ian Bell,9062,Ravindra Jadeja,234675,5.1,wide,28,1,28/2,"Ashwin to Trott, 1 wide, OUT",,"turn down the leg side, Trott falls outside his ground and <b>Dhoni stumps him</b> super work from Dhoni. Trott falling over having tried to flick it to leg, it turned away from him - for a wide - but of course you can be stumped off a wide and Dhoni obliged with sharp hands",2
156,32,Joe Root,303669,Ravichandran Ashwin,26421,"Ashwin to Root, no run forward on leg stump flicking to midwicket",2nd innings,Ian Bell,9062,Ravindra Jadeja,234675,5.2,no run,28,0,28/2,"Ashwin to Root, no run",,forward on leg stump flicking to midwicket,2
157,33,Joe Root,303669,Ravichandran Ashwin,26421,"Ashwin to Root, 1 run drops this short and gets pulled but only for a single out to deep square leg",2nd innings,Ian Bell,9062,Ravindra Jadeja,234675,5.3,run,29,1,29/2,"Ashwin to Root, 1 run",,drops this short and gets pulled but only for a single out to deep square leg,2
158,34,Ian Bell,9062,Ravichandran Ashwin,26421,"Ashwin to Bell, no run back on the stumps playing with spin, leg slip is in, Bell plays short of that fielder",2nd innings,Joe Root,303669,Ravindra Jadeja,234675,5.4,no run,29,0,29/2,"Ashwin to Bell, no run",,"back on the stumps playing with spin, leg slip is in, Bell plays short of that fielder",2
159,35,Ian Bell,9062,Ravichandran Ashwin,26421,"Ashwin to Bell, 1 run back and I thought he was going to cut but pulls from outside off down to long on",2nd innings,Joe Root,303669,Ravindra Jadeja,234675,5.5,run,30,1,30/2,"Ashwin to Bell, 1 run",,back and I thought he was going to cut but pulls from outside off down to long on,2
160,36,Joe Root,303669,Ravichandran Ashwin,26421,"Ashwin to Root, no run forward, again a bit of turn, beats the inside edge and strikes the pad well outside leg stump",2nd innings,Ian Bell,9062,Ravindra Jadeja,234675,5.6,no run,30,0,30/2,"Ashwin to Root, no run",,"forward, again a bit of turn, beats the inside edge and strikes the pad well outside leg stump",2
161,37,Ian Bell,9062,Ishant Sharma,236779,"I Sharma to Bell, 1 leg bye down the wicket, Bell takes one in the midriff looking to play to leg, it runs behind square on the off side and Root calls them through for a very sharp single, good call",2nd innings,Joe Root,303669,Ravichandran Ashwin,26421,6.1,leg bye,31,1,31/2,"I Sharma to Bell, 1 leg bye",,"down the wicket, Bell takes one in the midriff looking to play to leg, it runs behind square on the off side and Root calls them through for a very sharp single, good call",2
162,38,Joe Root,303669,Ishant Sharma,236779,"I Sharma to Root, 2 runs width just outside off, cut backward of point and they get two wide of third man",2nd innings,Ian Bell,9062,Ravichandran Ashwin,26421,6.2,run,33,2,33/2,"I Sharma to Root, 2 runs",,"width just outside off, cut backward of point and they get two wide of third man",2
163,39,Joe Root,303669,Ishant Sharma,236779,"I Sharma to Root, 2 runs two more, this time wide of deep midwicket pulling a ball only slightly short of a length just outside off",2nd innings,Ian Bell,9062,Ravichandran Ashwin,26421,6.3,run,35,2,35/2,"I Sharma to Root, 2 runs",,"two more, this time wide of deep midwicket pulling a ball only slightly short of a length just outside off",2
164,40,Joe Root,303669,Ishant Sharma,236779,"I Sharma to Root, 1 run stays back and dabs from just outside off down to third man",2nd innings,Ian Bell,9062,Ravichandran Ashwin,26421,6.4,run,36,1,36/2,"I Sharma to Root, 1 run",,stays back and dabs from just outside off down to third man,2
165,41,Ian Bell,9062,Ishant Sharma,236779,"I Sharma to Bell, 2 runs off stump delivery, again angled towards third man, it's running slowly towards the fielder and they run hard and get two",2nd innings,Joe Root,303669,Ravichandran Ashwin,26421,6.5,run,38,2,38/2,"I Sharma to Bell, 2 runs",,"off stump delivery, again angled towards third man, it's running slowly towards the fielder and they run hard and get two",2
166,42,Ian Bell,9062,Ishant Sharma,236779,"I Sharma to Bell, no run back of a length outside off, Bell goes to pull and misses completely",2nd innings,Joe Root,303669,Ravichandran Ashwin,26421,6.6,no run,38,0,38/2,"I Sharma to Bell, no run",,"back of a length outside off, Bell goes to pull and misses completely",2
167,43,Joe Root,303669,Ravichandran Ashwin,26421,"Ashwin to Root, 1 run just outside off, pressed hard into the covers and they take a single to the fielder's left",2nd innings,Ian Bell,9062,Ishant Sharma,236779,7.1,run,39,1,39/2,"Ashwin to Root, 1 run",,"just outside off, pressed hard into the covers and they take a single to the fielder's left",2
168,44,Ian Bell,9062,Ravichandran Ashwin,26421,"Ashwin to Bell, 1 run down the track and chipped down the ground, comes off the inner half of the bat and bloops down towards long on",2nd innings,Joe Root,303669,Ishant Sharma,236779,7.2,run,40,1,40/2,"Ashwin to Bell, 1 run",,"down the track and chipped down the ground, comes off the inner half of the bat and bloops down towards long on",2
169,45,Joe Root,303669,Ravichandran Ashwin,26421,"Ashwin to Root, no run pressed from outside off into the covers",2nd innings,Ian Bell,9062,Ishant Sharma,236779,7.3,no run,40,0,40/2,"Ashwin to Root, no run",,pressed from outside off into the covers,2
170,46,Joe Root,303669,Ravichandran Ashwin,26421,"Ashwin to Root, OUT pulled and gets a top edge and Sharma comes in from deep backward square and <b>takes the catch!</b> India right into the game with another wicket. It was a back of a length ball on leg stump, Root went to pull and it came off a top edge and Sharma was able to take a few strides forward and take the catch",2nd innings,Ian Bell,9062,Ishant Sharma,236779,7.4,out,40,0,40/3,"Ashwin to Root, OUT",,"pulled and gets a top edge and Sharma comes in from deep backward square and <b>takes the catch!</b> India right into the game with another wicket. It was a back of a length ball on leg stump, Root went to pull and it came off a top edge and Sharma was able to take a few strides forward and take the catch",3
171,46,Ian Bell,9062,Ravichandran Ashwin,26421,"Ashwin to Bell, 1 wide turn down the led side for a wide, Bell well in his ground, turned a long way",2nd innings,Eoin Morgan,24598,Ishant Sharma,236779,7.4,wide,41,1,41/3,"Ashwin to Bell, 1 wide",,"turn down the led side for a wide, Bell well in his ground, turned a long way",3
172,47,Ian Bell,9062,Ravichandran Ashwin,26421,"Ashwin to Bell, no run played from the stumps up the wicket on the back foot",2nd innings,Eoin Morgan,24598,Ishant Sharma,236779,7.5,no run,41,0,41/3,"Ashwin to Bell, no run",,played from the stumps up the wicket on the back foot,3
173,48,Ian Bell,9062,Ravichandran Ashwin,26421,"Ashwin to Bell, no run goes back and pushed with the spin through square leg but Raina at short leg fields well and saves the single",2nd innings,Eoin Morgan,24598,Ishant Sharma,236779,7.6,no run,41,0,41/3,"Ashwin to Bell, no run",,goes back and pushed with the spin through square leg but Raina at short leg fields well and saves the single,3
174,49,Eoin Morgan,24598,Ravindra Jadeja,234675,"Jadeja to Morgan, 1 run very full on the stumps, ran down to long on",2nd innings,Ian Bell,9062,Ravichandran Ashwin,26421,8.1,run,42,1,42/3,"Jadeja to Morgan, 1 run",,"very full on the stumps, ran down to long on",3
175,50,Ian Bell,9062,Ravindra Jadeja,234675,"Jadeja to Bell, no run short ball, Bell stepped away from it too much and got a toe of the bat to extra cover",2nd innings,Eoin Morgan,24598,Ravichandran Ashwin,26421,8.2,no run,42,0,42/3,"Jadeja to Bell, no run",,"short ball, Bell stepped away from it too much and got a toe of the bat to extra cover",3
176,51,Ian Bell,9062,Ravindra Jadeja,234675,"Jadeja to Bell, FOUR runs oh shot, reverse sweep over backward point, no-one at point an Bell lifts it down to the third man rope, timed it well",2nd innings,Eoin Morgan,24598,Ravichandran Ashwin,26421,8.3,four,46,4,46/3,"Jadeja to Bell, FOUR runs",,"oh shot, reverse sweep over backward point, no-one at point an Bell lifts it down to the third man rope, timed it well",3
177,52,Ian Bell,9062,Ravindra Jadeja,234675,"Jadeja to Bell, OUT driven at giving himself room, there's an appeal for another stumping, sharp work from Dhoni again, how far did Bell drag his back foot? He lifted it slightly, it is so close, a frame in it, is there conclusive evidence? By a whisker either way this is but it's <b>given out!</b> Goodness me could the third umpire be sure there? I'm not so sure but Bell has to go. He stepped to leg to drive over the top, missed and dragged his foot enough outside his ground",2nd innings,Eoin Morgan,24598,Ravichandran Ashwin,26421,8.4,out,46,0,46/4,"Jadeja to Bell, OUT",,"driven at giving himself room, there's an appeal for another stumping, sharp work from Dhoni again, how far did Bell drag his back foot? He lifted it slightly, it is so close, a frame in it, is there conclusive evidence? By a whisker either way this is but it's <b>given out!</b> Goodness me could the third umpire be sure there? I'm not so sure but Bell has to go. He stepped to leg to drive over the top, missed and dragged his foot enough outside his ground",4
178,53,Ravi Bopara,10582,Ravindra Jadeja,234675,"Jadeja to Bopara, no run length ball, dabbed to second slip from off stump",2nd innings,Eoin Morgan,24598,Ravichandran Ashwin,26421,8.5,no run,46,0,46/4,"Jadeja to Bopara, no run",,"length ball, dabbed to second slip from off stump",4
179,54,Ravi Bopara,10582,Ravindra Jadeja,234675,"Jadeja to Bopara, no run blocked from off stump up the wicket",2nd innings,Eoin Morgan,24598,Ravichandran Ashwin,26421,8.6,no run,46,0,46/4,"Jadeja to Bopara, no run",,blocked from off stump up the wicket,4
180,55,Eoin Morgan,24598,Ravichandran Ashwin,26421,"Ashwin to Morgan, no run just outside off stump, dabbed towards backward point, Bopara sends Morgan back",2nd innings,Ravi Bopara,10582,Ravindra Jadeja,234675,9.1,no run,46,0,46/4,"Ashwin to Morgan, no run",,"just outside off stump, dabbed towards backward point, Bopara sends Morgan back",4
181,56,Eoin Morgan,24598,Ravichandran Ashwin,26421,"Ashwin to Morgan, no run played forward just outside off, a genuine nick and it's just short of first slip",2nd innings,Ravi Bopara,10582,Ravindra Jadeja,234675,9.2,no run,46,0,46/4,"Ashwin to Morgan, no run",,"played forward just outside off, a genuine nick and it's just short of first slip",4
182,57,Eoin Morgan,24598,Ravichandran Ashwin,26421,"Ashwin to Morgan, no run the slider, Morgan nearly caught out blocking on the stumps",2nd innings,Ravi Bopara,10582,Ravindra Jadeja,234675,9.3,no run,46,0,46/4,"Ashwin to Morgan, no run",,"the slider, Morgan nearly caught out blocking on the stumps",4
183,58,Eoin Morgan,24598,Ravichandran Ashwin,26421,"Ashwin to Morgan, no run back of a length, turn and bounce and Morgan pulls out of the cut stroke",2nd innings,Ravi Bopara,10582,Ravindra Jadeja,234675,9.4,no run,46,0,46/4,"Ashwin to Morgan, no run",,"back of a length, turn and bounce and Morgan pulls out of the cut stroke",4
184,59,Eoin Morgan,24598,Ravichandran Ashwin,26421,"Ashwin to Morgan, no run forward press up the wicket from the stumps",2nd innings,Ravi Bopara,10582,Ravindra Jadeja,234675,9.5,no run,46,0,46/4,"Ashwin to Morgan, no run",,forward press up the wicket from the stumps,4
185,60,Eoin Morgan,24598,Ravichandran Ashwin,26421,"Ashwin to Morgan, no run forward press into the covers again",2nd innings,Ravi Bopara,10582,Ravindra Jadeja,234675,9.6,no run,46,0,46/4,"Ashwin to Morgan, no run",,forward press into the covers again,4
186,61,Ravi Bopara,10582,Ishant Sharma,236779,"I Sharma to Bopara, no run full ball on the pads, flicked at and it runs to Dhoni off the pads",2nd innings,Eoin Morgan,24598,Ravichandran Ashwin,26421,10.1,no run,46,0,46/4,"I Sharma to Bopara, no run",,"full ball on the pads, flicked at and it runs to Dhoni off the pads",4
187,62,Ravi Bopara,10582,Ishant Sharma,236779,"I Sharma to Bopara, 1 run back of a length, cut out through point to the sweeper",2nd innings,Eoin Morgan,24598,Ravichandran Ashwin,26421,10.2,run,47,1,47/4,"I Sharma to Bopara, 1 run",,"back of a length, cut out through point to the sweeper",4
188,63,Eoin Morgan,24598,Ishant Sharma,236779,"I Sharma to Morgan, no run length ball just outside off, played forward and pushed to short extra cover",2nd innings,Ravi Bopara,10582,Ravichandran Ashwin,26421,10.3,no run,47,0,47/4,"I Sharma to Morgan, no run",,"length ball just outside off, played forward and pushed to short extra cover",4
189,64,Eoin Morgan,24598,Ishant Sharma,236779,"I Sharma to Morgan, FOUR runs full and wide and slapped over the covers, nicely struck and gets it wide of the sweeper",2nd innings,Ravi Bopara,10582,Ravichandran Ashwin,26421,10.4,four,51,4,51/4,"I Sharma to Morgan, FOUR runs",,"full and wide and slapped over the covers, nicely struck and gets it wide of the sweeper",4
190,65,Eoin Morgan,24598,Ishant Sharma,236779,"I Sharma to Morgan, 2 runs room again outside off, pushed at and gets it through point, the sweeper is able to cut this off",2nd innings,Ravi Bopara,10582,Ravichandran Ashwin,26421,10.5,run,53,2,53/4,"I Sharma to Morgan, 2 runs",,"room again outside off, pushed at and gets it through point, the sweeper is able to cut this off",4
191,66,Eoin Morgan,24598,Ishant Sharma,236779,"I Sharma to Morgan, 2 runs back of a length on the leg stump, whipped down just wide enough to long leg for two",2nd innings,Ravi Bopara,10582,Ravichandran Ashwin,26421,10.6,run,55,2,55/4,"I Sharma to Morgan, 2 runs",,"back of a length on the leg stump, whipped down just wide enough to long leg for two",4
192,67,Ravi Bopara,10582,Suresh Raina,33335,"Raina to Bopara, 1 run on the back foot, played to the leg side",2nd innings,Eoin Morgan,24598,Ishant Sharma,236779,11.1,run,56,1,56/4,"Raina to Bopara, 1 run",,"on the back foot, played to the leg side",4
193,68,Eoin Morgan,24598,Suresh Raina,33335,"Raina to Morgan, 1 run swept hard from off stump, wanted two to deep square but he didn't risk it",2nd innings,Ravi Bopara,10582,Ishant Sharma,236779,11.2,run,57,1,57/4,"Raina to Morgan, 1 run",,"swept hard from off stump, wanted two to deep square but he didn't risk it",4
194,69,Ravi Bopara,10582,Suresh Raina,33335,"Raina to Bopara, 1 run pushed gently down the ground to long-on",2nd innings,Eoin Morgan,24598,Ishant Sharma,236779,11.3,run,58,1,58/4,"Raina to Bopara, 1 run",,pushed gently down the ground to long-on,4
195,70,Eoin Morgan,24598,Suresh Raina,33335,"Raina to Morgan, FOUR runs touch short outside off, and it's brilliantly placed by Morgan as he flicks his wrists at the last minute to place it wide of the cover sweeper",2nd innings,Ravi Bopara,10582,Ishant Sharma,236779,11.4,four,62,4,62/4,"Raina to Morgan, FOUR runs",,"touch short outside off, and it's brilliantly placed by Morgan as he flicks his wrists at the last minute to place it wide of the cover sweeper",4
196,71,Eoin Morgan,24598,Suresh Raina,33335,"Raina to Morgan, 1 run comes forward and drives down to long off",2nd innings,Ravi Bopara,10582,Ishant Sharma,236779,11.5,run,63,1,63/4,"Raina to Morgan, 1 run",,comes forward and drives down to long off,4
197,72,Ravi Bopara,10582,Suresh Raina,33335,"Raina to Bopara, no run full on off stump, Bopara flicks it out to midwicket",2nd innings,Eoin Morgan,24598,Ishant Sharma,236779,11.6,no run,63,0,63/4,"Raina to Bopara, no run",,"full on off stump, Bopara flicks it out to midwicket",4
198,73,Eoin Morgan,24598,Bhuvneshwar Kumar,326016,"Kumar to Morgan, 1 run tight to the body, but short enough for Morgan to late cut down to third man",2nd innings,Ravi Bopara,10582,Suresh Raina,33335,12.1,run,64,1,64/4,"Kumar to Morgan, 1 run",,"tight to the body, but short enough for Morgan to late cut down to third man",4
199,74,Ravi Bopara,10582,Bhuvneshwar Kumar,326016,"Kumar to Bopara, 1 run width outside off, Bopara throws everything through his drive but only gets a single to deep cover for his efforts",2nd innings,Eoin Morgan,24598,Suresh Raina,33335,12.2,run,65,1,65/4,"Kumar to Bopara, 1 run",,"width outside off, Bopara throws everything through his drive but only gets a single to deep cover for his efforts",4
200,75,Eoin Morgan,24598,Bhuvneshwar Kumar,326016,"Kumar to Morgan, 1 run worked from outside off and tucked into midwicket...Dhoni not happy that the fielder was on his heels",2nd innings,Ravi Bopara,10582,Suresh Raina,33335,12.3,run,66,1,66/4,"Kumar to Morgan, 1 run",,worked from outside off and tucked into midwicket...Dhoni not happy that the fielder was on his heels,4
201,76,Ravi Bopara,10582,Bhuvneshwar Kumar,326016,"Kumar to Bopara, 1 run short of a length, he stays deep in the crease and flicks out to deep square leg",2nd innings,Eoin Morgan,24598,Suresh Raina,33335,12.4,run,67,1,67/4,"Kumar to Bopara, 1 run",,"short of a length, he stays deep in the crease and flicks out to deep square leg",4
202,77,Eoin Morgan,24598,Bhuvneshwar Kumar,326016,"Kumar to Morgan, no run he misses out when he cuts a short delivery straight to cover",2nd innings,Ravi Bopara,10582,Suresh Raina,33335,12.5,no run,67,0,67/4,"Kumar to Morgan, no run",,he misses out when he cuts a short delivery straight to cover,4
203,78,Eoin Morgan,24598,Bhuvneshwar Kumar,326016,"Kumar to Morgan, 1 run presses forward, pushes firmly towards cover who is on the edge of circle rather than saving the single",2nd innings,Ravi Bopara,10582,Suresh Raina,33335,12.6,run,68,1,68/4,"Kumar to Morgan, 1 run",,"presses forward, pushes firmly towards cover who is on the edge of circle rather than saving the single",4
204,79,Eoin Morgan,24598,Suresh Raina,33335,"Raina to Morgan, 1 run round the wicket, pushed gently into the leg side",2nd innings,Ravi Bopara,10582,Bhuvneshwar Kumar,326016,13.1,run,69,1,69/4,"Raina to Morgan, 1 run",,"round the wicket, pushed gently into the leg side",4
205,80,Ravi Bopara,10582,Suresh Raina,33335,"Raina to Bopara, no run turn there for Raina, Bopara defends and gets an inside edge down between his legs",2nd innings,Eoin Morgan,24598,Bhuvneshwar Kumar,326016,13.2,no run,69,0,69/4,"Raina to Bopara, no run",,"turn there for Raina, Bopara defends and gets an inside edge down between his legs",4
206,81,Ravi Bopara,10582,Suresh Raina,33335,"Raina to Bopara, no run now this one goes straight on and beats the outside edge...nice bowling",2nd innings,Eoin Morgan,24598,Bhuvneshwar Kumar,326016,13.3,no run,69,0,69/4,"Raina to Bopara, no run",,now this one goes straight on and beats the outside edge...nice bowling,4
207,82,Ravi Bopara,10582,Suresh Raina,33335,"Raina to Bopara, 1 run plays this very late, chops towards short third man from close to off stump",2nd innings,Eoin Morgan,24598,Bhuvneshwar Kumar,326016,13.4,run,70,1,70/4,"Raina to Bopara, 1 run",,"plays this very late, chops towards short third man from close to off stump",4
208,83,Eoin Morgan,24598,Suresh Raina,33335,"Raina to Morgan, no run that's a ripper! Pitched on middle and leg then ripped past Morgan's outside edge. Unplayable.",2nd innings,Ravi Bopara,10582,Bhuvneshwar Kumar,326016,13.5,no run,70,0,70/4,"Raina to Morgan, no run",,that's a ripper! Pitched on middle and leg then ripped past Morgan's outside edge. Unplayable.,4
209,84,Eoin Morgan,24598,Suresh Raina,33335,"Raina to Morgan, 1 run comes in with the arm, Morgan drops it square into the off side to keep the strike",2nd innings,Ravi Bopara,10582,Bhuvneshwar Kumar,326016,13.6,run,71,1,71/4,"Raina to Morgan, 1 run",,"comes in with the arm, Morgan drops it square into the off side to keep the strike",4
210,85,Eoin Morgan,24598,Ishant Sharma,236779,"I Sharma to Morgan, no run starts well, short of a length on off stump, Morgan can only drop it by his feet and Ishant follows through quickly",2nd innings,Ravi Bopara,10582,Suresh Raina,33335,14.1,no run,71,0,71/4,"I Sharma to Morgan, no run",,"starts well, short of a length on off stump, Morgan can only drop it by his feet and Ishant follows through quickly",4
211,86,Eoin Morgan,24598,Ishant Sharma,236779,"I Sharma to Morgan, 1 run tight to the body again, this time he can get a single into the off side but India won't mind ones and twos",2nd innings,Ravi Bopara,10582,Suresh Raina,33335,14.2,run,72,1,72/4,"I Sharma to Morgan, 1 run",,"tight to the body again, this time he can get a single into the off side but India won't mind ones and twos",4
212,87,Ravi Bopara,10582,Ishant Sharma,236779,"I Sharma to Bopara, 1 run short ball and Bopara pulls it without much timing to deep square-leg",2nd innings,Eoin Morgan,24598,Suresh Raina,33335,14.3,run,73,1,73/4,"I Sharma to Bopara, 1 run",,short ball and Bopara pulls it without much timing to deep square-leg,4
213,88,Eoin Morgan,24598,Ishant Sharma,236779,"I Sharma to Morgan, 1 run delicate shot, waits and guides down to third man, but again just another single",2nd innings,Ravi Bopara,10582,Suresh Raina,33335,14.4,run,74,1,74/4,"I Sharma to Morgan, 1 run",,"delicate shot, waits and guides down to third man, but again just another single",4
214,89,Ravi Bopara,10582,Ishant Sharma,236779,"I Sharma to Bopara, 2 runs short ball, goes high down the ground with a flat-batted pull which hangs in the air then plugs in the outfield near the long-on boundary...not great running",2nd innings,Eoin Morgan,24598,Suresh Raina,33335,14.5,run,76,2,76/4,"I Sharma to Bopara, 2 runs",,"short ball, goes high down the ground with a flat-batted pull which hangs in the air then plugs in the outfield near the long-on boundary...not great running",4
215,90,Ravi Bopara,10582,Ishant Sharma,236779,"I Sharma to Bopara, SIX runs that's big! This time he latches onto a good-length ball and launches it high over midwicket to silence the majority of this crowd",2nd innings,Eoin Morgan,24598,Suresh Raina,33335,14.6,six,82,6,82/4,"I Sharma to Bopara, SIX runs",,that's big! This time he latches onto a good-length ball and launches it high over midwicket to silence the majority of this crowd,4
216,91,Eoin Morgan,24598,Suresh Raina,33335,"Raina to Morgan, 1 run more turn, takes a thick outside along the ground wide of slip to short third man",2nd innings,Ravi Bopara,10582,Ishant Sharma,236779,15.1,run,83,1,83/4,"Raina to Morgan, 1 run",,"more turn, takes a thick outside along the ground wide of slip to short third man",4
217,92,Ravi Bopara,10582,Suresh Raina,33335,"Raina to Bopara, 2 runs sweeps this in front of square, stretched well forward to reach it, and picks the gap between deep midwicket and deep square...Dhawan sprawls near the boundary and makes a good save",2nd innings,Eoin Morgan,24598,Ishant Sharma,236779,15.2,run,85,2,85/4,"Raina to Bopara, 2 runs",,"sweeps this in front of square, stretched well forward to reach it, and picks the gap between deep midwicket and deep square...Dhawan sprawls near the boundary and makes a good save",4
218,93,Ravi Bopara,10582,Suresh Raina,33335,"Raina to Bopara, no run quicker on off stump, pushed to the covers",2nd innings,Eoin Morgan,24598,Ishant Sharma,236779,15.3,no run,85,0,85/4,"Raina to Bopara, no run",,"quicker on off stump, pushed to the covers",4
219,94,Ravi Bopara,10582,Suresh Raina,33335,"Raina to Bopara, 1 run swept square again from off stump",2nd innings,Eoin Morgan,24598,Ishant Sharma,236779,15.4,run,86,1,86/4,"Raina to Bopara, 1 run",,swept square again from off stump,4
220,95,Eoin Morgan,24598,Suresh Raina,33335,"Raina to Morgan, FOUR runs there's the shot that has made him famous, the powerful reverse sweep over short third-man...shaped very early to play the shot and placed it perfectly",2nd innings,Ravi Bopara,10582,Ishant Sharma,236779,15.5,four,90,4,90/4,"Raina to Morgan, FOUR runs",,"there's the shot that has made him famous, the powerful reverse sweep over short third-man...shaped very early to play the shot and placed it perfectly",4
221,96,Eoin Morgan,24598,Suresh Raina,33335,"Raina to Morgan, no run worked into the leg side",2nd innings,Ravi Bopara,10582,Ishant Sharma,236779,15.6,no run,90,0,90/4,"Raina to Morgan, no run",,worked into the leg side,4
222,97,Ravi Bopara,10582,Ravindra Jadeja,234675,"Jadeja to Bopara, 2 runs touch short, placed very neatly through midwicket with the perfect weight on the shot to allow them back for a second",2nd innings,Eoin Morgan,24598,Suresh Raina,33335,16.1,run,92,2,92/4,"Jadeja to Bopara, 2 runs",,"touch short, placed very neatly through midwicket with the perfect weight on the shot to allow them back for a second",4
223,98,Ravi Bopara,10582,Ravindra Jadeja,234675,"Jadeja to Bopara, no run the turn squares up Bopara as he plays to the off side",2nd innings,Eoin Morgan,24598,Suresh Raina,33335,16.2,no run,92,0,92/4,"Jadeja to Bopara, no run",,the turn squares up Bopara as he plays to the off side,4
224,99,Ravi Bopara,10582,Ravindra Jadeja,234675,"Jadeja to Bopara, SIX runs another cracking blow from Bopara...brings out the sweep and connects cleanly to send it over deep square-leg. That's the fifty stand, too",2nd innings,Eoin Morgan,24598,Suresh Raina,33335,16.3,six,98,6,98/4,"Jadeja to Bopara, SIX runs",,"another cracking blow from Bopara...brings out the sweep and connects cleanly to send it over deep square-leg. That's the fifty stand, too",4
225,100,Ravi Bopara,10582,Ravindra Jadeja,234675,"Jadeja to Bopara, no run tries a repeat but misses out",2nd innings,Eoin Morgan,24598,Suresh Raina,33335,16.4,no run,98,0,98/4,"Jadeja to Bopara, no run",,tries a repeat but misses out,4
226,101,Ravi Bopara,10582,Ravindra Jadeja,234675,"Jadeja to Bopara, 2 runs short again, worked off the back foot through midwicket and some fumbling from Ishant allows them back for a second",2nd innings,Eoin Morgan,24598,Suresh Raina,33335,16.5,run,100,2,100/4,"Jadeja to Bopara, 2 runs",,"short again, worked off the back foot through midwicket and some fumbling from Ishant allows them back for a second",4
227,102,Ravi Bopara,10582,Ravindra Jadeja,234675,"Jadeja to Bopara, 2 runs waits for this, tucked through square leg and that's more superb running as it's placed between three fielders...in the end Dhoni races after it...12 off the over",2nd innings,Eoin Morgan,24598,Suresh Raina,33335,16.6,run,102,2,102/4,"Jadeja to Bopara, 2 runs",,"waits for this, tucked through square leg and that's more superb running as it's placed between three fielders...in the end Dhoni races after it...12 off the over",4
228,103,Eoin Morgan,24598,Ishant Sharma,236779,"I Sharma to Morgan, no run swing and a miss to a short ball outside off stump...precious dot ball. Was a slower ball, so credit to Ishant",2nd innings,Ravi Bopara,10582,Ravindra Jadeja,234675,17.1,no run,102,0,102/4,"I Sharma to Morgan, no run",,"swing and a miss to a short ball outside off stump...precious dot ball. Was a slower ball, so credit to Ishant",4
229,104,Eoin Morgan,24598,Ishant Sharma,236779,"I Sharma to Morgan, SIX runs clean hit! Short on leg stump, awful delivery, and Morgan hooks it away off leg stump with even elevation to skim over the boundary",2nd innings,Ravi Bopara,10582,Ravindra Jadeja,234675,17.2,six,108,6,108/4,"I Sharma to Morgan, SIX runs",,"clean hit! Short on leg stump, awful delivery, and Morgan hooks it away off leg stump with even elevation to skim over the boundary",4
230,104,Eoin Morgan,24598,Ishant Sharma,236779,"I Sharma to Morgan, 1 wide extra ball, extra run...that's pressure...sprayed wide outside off stump",2nd innings,Ravi Bopara,10582,Ravindra Jadeja,234675,17.2,wide,109,1,109/4,"I Sharma to Morgan, 1 wide",,"extra ball, extra run...that's pressure...sprayed wide outside off stump",4
231,104,Eoin Morgan,24598,Ishant Sharma,236779,"I Sharma to Morgan, 1 wide another wide, he's losing the plot in this over, and this one barely hits the cut strip",2nd innings,Ravi Bopara,10582,Ravindra Jadeja,234675,17.2,wide,110,1,110/4,"I Sharma to Morgan, 1 wide",,"another wide, he's losing the plot in this over, and this one barely hits the cut strip",4
232,105,Eoin Morgan,24598,Ishant Sharma,236779,"I Sharma to Morgan, OUT what a moment! Zero to hero in the space of a ball. Tries to pick this up from outside off over midwicket, but it was quite wide and it looped off the bottom of the bat towards the man inside the circle. To be fair to Ishant, that was quite ballsy as he rolled his fingers across the seam and it deceived Morgan",2nd innings,Ravi Bopara,10582,Ravindra Jadeja,234675,17.3,out,110,0,110/5,"I Sharma to Morgan, OUT",,"what a moment! Zero to hero in the space of a ball. Tries to pick this up from outside off over midwicket, but it was quite wide and it looped off the bottom of the bat towards the man inside the circle. To be fair to Ishant, that was quite ballsy as he rolled his fingers across the seam and it deceived Morgan",5
233,106,Ravi Bopara,10582,Ishant Sharma,236779,"I Sharma to Bopara, OUT and another! That could be the game. A short ball, Bopara drills it out of the middle of the bat but picks out the square leg inside the circle",2nd innings,Jos Buttler,308967,Ravindra Jadeja,234675,17.4,out,110,0,110/6,"I Sharma to Bopara, OUT",,"and another! That could be the game. A short ball, Bopara drills it out of the middle of the bat but picks out the square leg inside the circle",6
234,107,Tim Bresnan,9310,Ishant Sharma,236779,"I Sharma to Bresnan, no run top ball! Blimey. Short of a length, jags away from Bresnan and beats the outside edge",2nd innings,Jos Buttler,308967,Ravindra Jadeja,234675,17.5,no run,110,0,110/6,"I Sharma to Bresnan, no run",,"top ball! Blimey. Short of a length, jags away from Bresnan and beats the outside edge",6
235,108,Tim Bresnan,9310,Ishant Sharma,236779,"I Sharma to Bresnan, 1 run another short delivery, steps to leg and carves it down to third man so it will be Bresnan to take strike",2nd innings,Jos Buttler,308967,Ravindra Jadeja,234675,17.6,run,111,1,111/6,"I Sharma to Bresnan, 1 run",,"another short delivery, steps to leg and carves it down to third man so it will be Bresnan to take strike",6
236,109,Tim Bresnan,9310,Ravindra Jadeja,234675,"Jadeja to Bresnan, 1 run worked off leg stump out to deep midwicket...he had a slip in place for that ball",2nd innings,Jos Buttler,308967,Ishant Sharma,236779,18.1,run,112,1,112/6,"Jadeja to Bresnan, 1 run",,worked off leg stump out to deep midwicket...he had a slip in place for that ball,6
237,110,Jos Buttler,308967,Ravindra Jadeja,234675,"Jadeja to Buttler, OUT there you go...floated up on middle stump, he has a huge heave, is nowhere near it and gets his middle stump hit. Not Buttler's finest hour",2nd innings,Tim Bresnan,9310,Ishant Sharma,236779,18.2,out,112,0,112/7,"Jadeja to Buttler, OUT",,"there you go...floated up on middle stump, he has a huge heave, is nowhere near it and gets his middle stump hit. Not Buttler's finest hour",7
238,111,Stuart Broad,10617,Ravindra Jadeja,234675,"Jadeja to Broad, 1 run driven off the back foot to cover, picks out cover and sets off straight away...Broad dives and, for some reason, Jadeja doesn't even attempt to take the bails off",2nd innings,Tim Bresnan,9310,Ishant Sharma,236779,18.3,run,113,1,113/7,"Jadeja to Broad, 1 run",,"driven off the back foot to cover, picks out cover and sets off straight away...Broad dives and, for some reason, Jadeja doesn't even attempt to take the bails off",7
239,112,Tim Bresnan,9310,Ravindra Jadeja,234675,"Jadeja to Bresnan, OUT England imploding! Went for the sweep, huge appeal for lbw which was given not out, Bresnan charged out for the run which was never on and Rohit was quickly in from cover with Bresnan stranded",2nd innings,Stuart Broad,10617,Ishant Sharma,236779,18.4,out,113,0,113/8,"Jadeja to Bresnan, OUT",,"England imploding! Went for the sweep, huge appeal for lbw which was given not out, Bresnan charged out for the run which was never on and Rohit was quickly in from cover with Bresnan stranded",8
240,113,James Tredwell,21646,Ravindra Jadeja,234675,"Jadeja to Tredwell, 1 run heave across the line, balls bobbles from the pad into the off side and it could have been another run out",2nd innings,Stuart Broad,10617,Ishant Sharma,236779,18.5,run,114,1,114/8,"Jadeja to Tredwell, 1 run",,"heave across the line, balls bobbles from the pad into the off side and it could have been another run out",8
241,114,Stuart Broad,10617,Ravindra Jadeja,234675,"Jadeja to Broad, 1 run full and drilled down the ground, Broad was desperate to come back for a second but there was no chance",2nd innings,James Tredwell,21646,Ishant Sharma,236779,18.6,run,115,1,115/8,"Jadeja to Broad, 1 run",,"full and drilled down the ground, Broad was desperate to come back for a second but there was no chance",8
242,115,Stuart Broad,10617,Ravichandran Ashwin,26421,"Ashwin to Broad, no run big turn, big swing and a miss from Broad...neat take from Dhoni, they check for stumping but the dot ball is just as important. In fact, it was close to another stumping but this time Oxenford decided the foot wasn't raised",2nd innings,James Tredwell,21646,Ravindra Jadeja,234675,19.1,no run,115,0,115/8,"Ashwin to Broad, no run",,"big turn, big swing and a miss from Broad...neat take from Dhoni, they check for stumping but the dot ball is just as important. In fact, it was close to another stumping but this time Oxenford decided the foot wasn't raised",8
243,116,Stuart Broad,10617,Ravichandran Ashwin,26421,"Ashwin to Broad, FOUR runs low full toss, he sweeps it cleanly off the stumps and beats square leg who is inside the circle",2nd innings,James Tredwell,21646,Ravindra Jadeja,234675,19.2,four,119,4,119/8,"Ashwin to Broad, FOUR runs",,"low full toss, he sweeps it cleanly off the stumps and beats square leg who is inside the circle",8
244,117,Stuart Broad,10617,Ravichandran Ashwin,26421,"Ashwin to Broad, 1 run short outside off, it turns and Broad can only get the bottom of the bat towards cover",2nd innings,James Tredwell,21646,Ravindra Jadeja,234675,19.3,run,120,1,120/8,"Ashwin to Broad, 1 run",,"short outside off, it turns and Broad can only get the bottom of the bat towards cover",8
245,118,James Tredwell,21646,Ravichandran Ashwin,26421,"Ashwin to Tredwell, 2 runs it's all happened there! Tredwell cracks it towards mid-off where the fielder makes an excellent one-handed diving save then there's a run-out appeal, but Broad just makes it back to the non-striker's end",2nd innings,Stuart Broad,10617,Ravindra Jadeja,234675,19.4,run,122,2,122/8,"Ashwin to Tredwell, 2 runs",,"it's all happened there! Tredwell cracks it towards mid-off where the fielder makes an excellent one-handed diving save then there's a run-out appeal, but Broad just makes it back to the non-striker's end",8
246,119,James Tredwell,21646,Ravichandran Ashwin,26421,"Ashwin to Tredwell, 2 runs goes straight down the ground, but not with much power, and it lobs towards long-on...another couple",2nd innings,Stuart Broad,10617,Ravindra Jadeja,234675,19.5,run,124,2,124/8,"Ashwin to Tredwell, 2 runs",,"goes straight down the ground, but not with much power, and it lobs towards long-on...another couple",8
247,120,James Tredwell,21646,Ravichandran Ashwin,26421,"Ashwin to Tredwell, no run beaten by the turn! India win! Was a touch short, went to carve it off the back foot and missed. Job done by Ashwin",2nd innings,Stuart Broad,10617,Ravindra Jadeja,234675,19.6,no run,124,0,124/8,"Ashwin to Tredwell, no run",,"beaten by the turn! India win! Was a touch short, went to carve it off the back foot and missed. Job done by Ashwin",8
